discharge_time_id,discharge_date,tahun,bulan,hari
1,2024-02-02,2024,2,2
2,2019-08-26,2019,8,26
3,2022-10-07,2022,10,7
4,2020-12-18,2020,12,18
5,2022-10-09,2022,10,9
6,2023-12-24,2023,12,24
7,2020-11-15,2020,11,15
8,2022-01-07,2022,1,7
9,2020-07-14,2020,7,14
10,2021-06-22,2021,6,22
11,2020-04-22,2020,4,22
12,2023-09-05,2023,9,5
13,2019-12-28,2019,12,28
14,2020-06-19,2020,6,19
15,2021-10-13,2021,10,13
16,2023-01-11,2023,1,11
17,2020-04-02,2020,4,2
18,2021-03-14,2021,3,14
19,2022-11-22,2022,11,22
20,2023-07-02,2023,7,2
21,2020-02-09,2020,2,9
22,2022-06-10,2022,6,10
23,2021-08-12,2021,8,12
24,2020-06-08,2020,6,8
25,2020-05-20,2020,5,20
26,2024-01-19,2024,1,19
27,2022-06-30,2022,6,30
28,2021-01-16,2021,1,16
29,2023-10-12,2023,10,12
30,2019-09-01,2019,9,1
31,2019-11-29,2019,11,29
32,2023-06-15,2023,6,15
33,2023-06-03,2023,6,3
34,2020-02-10,2020,2,10
35,2021-01-26,2021,1,26
36,2019-10-19,2019,10,19
37,2022-01-16,2022,1,16
38,2022-03-29,2022,3,29
39,2021-01-29,2021,1,29
40,2021-10-05,2021,10,5
41,2022-07-18,2022,7,18
42,2021-07-01,2021,7,1
43,2020-09-08,2020,9,8
44,2022-11-02,2022,11,2
45,2021-12-09,2021,12,9
46,2020-05-13,2020,5,13
47,2023-09-23,2023,9,23
48,2019-07-29,2019,7,29
49,2024-04-22,2024,4,22
50,2019-07-05,2019,7,5
51,2022-11-20,2022,11,20
52,2022-04-13,2022,4,13
53,2023-09-11,2023,9,11
54,2023-11-07,2023,11,7
55,2023-04-21,2023,4,21
56,2022-09-25,2022,9,25
57,2021-02-06,2021,2,6
58,2020-07-20,2020,7,20
59,2019-11-22,2019,11,22
60,2024-05-04,2024,5,4
61,2022-08-10,2022,8,10
62,2020-06-01,2020,6,1
63,2019-12-21,2019,12,21
64,2019-12-08,2019,12,8
65,2023-01-27,2023,1,27
66,2024-02-10,2024,2,10
67,2020-02-12,2020,2,12
68,2022-11-07,2022,11,7
69,2022-01-15,2022,1,15
70,2024-01-02,2024,1,2
71,2021-10-14,2021,10,14
72,2023-08-11,2023,8,11
73,2021-12-07,2021,12,7
74,2023-10-27,2023,10,27
75,2021-02-04,2021,2,4
76,2021-12-05,2021,12,5
77,2024-03-26,2024,3,26
78,2020-12-08,2020,12,8
79,2020-08-27,2020,8,27
80,2023-12-12,2023,12,12
81,2020-06-14,2020,6,14
82,2023-06-10,2023,6,10
83,2022-07-23,2022,7,23
84,2020-10-08,2020,10,8
85,2023-08-25,2023,8,25
86,2023-06-01,2023,6,1
87,2022-09-07,2022,9,7
88,2022-06-28,2022,6,28
89,2022-11-25,2022,11,25
90,2021-09-18,2021,9,18
91,2022-09-27,2022,9,27
92,2021-05-10,2021,5,10
93,2024-04-14,2024,4,14
94,2022-12-31,2022,12,31
95,2022-09-18,2022,9,18
96,2022-11-11,2022,11,11
97,2021-11-21,2021,11,21
98,2022-07-25,2022,7,25
99,2023-07-11,2023,7,11
100,2019-08-05,2019,8,5
101,2021-06-03,2021,6,3
102,2024-02-07,2024,2,7
103,2019-10-15,2019,10,15
104,2021-03-20,2021,3,20
105,2021-06-06,2021,6,6
106,2023-07-05,2023,7,5
107,2022-05-20,2022,5,20
108,2022-10-14,2022,10,14
109,2023-09-18,2023,9,18
110,2019-06-04,2019,6,4
111,2021-12-12,2021,12,12
112,2019-12-13,2019,12,13
113,2020-09-06,2020,9,6
114,2021-03-11,2021,3,11
115,2024-01-22,2024,1,22
116,2022-01-12,2022,1,12
117,2021-07-31,2021,7,31
118,2020-11-17,2020,11,17
119,2020-11-13,2020,11,13
120,2019-09-06,2019,9,6
121,2023-11-08,2023,11,8
122,2024-03-28,2024,3,28
123,2019-10-16,2019,10,16
124,2020-03-07,2020,3,7
125,2019-11-23,2019,11,23
126,2021-03-05,2021,3,5
127,2021-11-22,2021,11,22
128,2022-07-31,2022,7,31
129,2020-03-05,2020,3,5
130,2021-08-19,2021,8,19
131,2021-08-13,2021,8,13
132,2024-02-03,2024,2,3
133,2024-02-04,2024,2,4
134,2020-09-04,2020,9,4
135,2022-06-24,2022,6,24
136,2022-04-09,2022,4,9
137,2020-06-22,2020,6,22
138,2019-08-21,2019,8,21
139,2024-02-24,2024,2,24
140,2021-05-29,2021,5,29
141,2021-11-04,2021,11,4
142,2020-09-17,2020,9,17
143,2022-07-22,2022,7,22
144,2023-05-31,2023,5,31
145,2021-07-09,2021,7,9
146,2023-11-25,2023,11,25
147,2020-10-21,2020,10,21
148,2021-08-27,2021,8,27
149,2023-09-07,2023,9,7
150,2020-03-26,2020,3,26
151,2021-07-15,2021,7,15
152,2022-06-27,2022,6,27
153,2020-03-01,2020,3,1
154,2020-11-02,2020,11,2
155,2023-12-19,2023,12,19
156,2021-12-30,2021,12,30
157,2023-09-30,2023,9,30
158,2020-11-10,2020,11,10
159,2021-07-24,2021,7,24
160,2023-09-16,2023,9,16
161,2019-12-01,2019,12,1
162,2020-12-17,2020,12,17
163,2021-12-08,2021,12,8
164,2022-02-20,2022,2,20
165,2019-05-31,2019,5,31
166,2021-08-26,2021,8,26
167,2020-01-27,2020,1,27
168,2021-01-09,2021,1,9
169,2023-04-29,2023,4,29
170,2020-05-28,2020,5,28
171,2023-08-02,2023,8,2
172,2024-01-15,2024,1,15
173,2021-12-04,2021,12,4
174,2019-09-15,2019,9,15
175,2021-01-01,2021,1,1
176,2023-01-02,2023,1,2
177,2021-08-05,2021,8,5
178,2022-07-04,2022,7,4
179,2024-02-19,2024,2,19
180,2024-03-18,2024,3,18
181,2022-02-25,2022,2,25
182,2022-02-17,2022,2,17
183,2023-06-30,2023,6,30
184,2021-10-24,2021,10,24
185,2023-07-15,2023,7,15
186,2020-10-03,2020,10,3
187,2020-09-18,2020,9,18
188,2024-05-03,2024,5,3
189,2021-09-09,2021,9,9
190,2022-01-28,2022,1,28
191,2020-08-14,2020,8,14
192,2022-06-03,2022,6,3
193,2022-02-23,2022,2,23
194,2024-03-27,2024,3,27
195,2020-04-03,2020,4,3
196,2023-04-18,2023,4,18
197,2024-02-05,2024,2,5
198,2019-06-30,2019,6,30
199,2021-06-12,2021,6,12
200,2020-04-11,2020,4,11
201,2020-01-30,2020,1,30
202,2021-06-18,2021,6,18
203,2022-09-05,2022,9,5
204,2024-04-05,2024,4,5
205,2022-04-10,2022,4,10
206,2019-07-01,2019,7,1
207,2019-10-06,2019,10,6
208,2021-02-26,2021,2,26
209,2019-11-26,2019,11,26
210,2023-05-14,2023,5,14
211,2020-04-28,2020,4,28
212,2021-08-28,2021,8,28
213,2021-01-27,2021,1,27
214,2020-09-26,2020,9,26
215,2020-04-16,2020,4,16
216,2019-08-17,2019,8,17
217,2023-12-14,2023,12,14
218,2021-07-03,2021,7,3
219,2020-09-22,2020,9,22
220,2020-06-05,2020,6,5
221,2023-10-21,2023,10,21
222,2022-07-20,2022,7,20
223,2020-01-19,2020,1,19
224,2022-08-07,2022,8,7
225,2023-03-10,2023,3,10
226,2024-05-07,2024,5,7
227,2021-02-28,2021,2,28
228,2021-09-19,2021,9,19
229,2022-10-01,2022,10,1
230,2022-12-20,2022,12,20
231,2023-08-12,2023,8,12
232,2020-12-06,2020,12,6
233,2019-11-09,2019,11,9
234,2020-10-29,2020,10,29
235,2023-07-14,2023,7,14
236,2023-11-21,2023,11,21
237,2023-03-05,2023,3,5
238,2020-07-10,2020,7,10
239,2023-09-25,2023,9,25
240,2020-12-02,2020,12,2
241,2020-07-18,2020,7,18
242,2023-01-06,2023,1,6
243,2019-10-20,2019,10,20
244,2022-03-26,2022,3,26
245,2020-06-10,2020,6,10
246,2020-12-23,2020,12,23
247,2023-04-19,2023,4,19
248,2020-02-11,2020,2,11
249,2024-02-22,2024,2,22
250,2021-09-03,2021,9,3
251,2020-11-28,2020,11,28
252,2020-02-29,2020,2,29
253,2019-06-17,2019,6,17
254,2023-10-11,2023,10,11
255,2021-08-20,2021,8,20
256,2020-07-22,2020,7,22
257,2022-12-29,2022,12,29
258,2024-01-16,2024,1,16
259,2023-02-25,2023,2,25
260,2022-05-16,2022,5,16
261,2020-01-16,2020,1,16
262,2022-04-26,2022,4,26
263,2022-02-16,2022,2,16
264,2019-11-24,2019,11,24
265,2021-02-20,2021,2,20
266,2022-10-06,2022,10,6
267,2023-11-26,2023,11,26
268,2024-04-09,2024,4,9
269,2023-05-07,2023,5,7
270,2021-07-11,2021,7,11
271,2021-12-13,2021,12,13
272,2022-07-01,2022,7,1
273,2020-07-31,2020,7,31
274,2019-12-03,2019,12,3
275,2021-11-03,2021,11,3
276,2019-11-30,2019,11,30
277,2020-10-20,2020,10,20
278,2022-01-22,2022,1,22
279,2023-08-03,2023,8,3
280,2021-06-15,2021,6,15
281,2022-06-12,2022,6,12
282,2020-10-17,2020,10,17
283,2021-09-16,2021,9,16
284,2019-11-17,2019,11,17
285,2024-02-28,2024,2,28
286,2024-02-21,2024,2,21
287,2020-11-27,2020,11,27
288,2022-07-08,2022,7,8
289,2019-09-07,2019,9,7
290,2024-05-21,2024,5,21
291,2020-05-31,2020,5,31
292,2024-04-06,2024,4,6
293,2024-04-08,2024,4,8
294,2021-03-25,2021,3,25
295,2020-10-28,2020,10,28
296,2022-08-31,2022,8,31
297,2023-05-05,2023,5,5
298,2019-11-21,2019,11,21
299,2021-09-05,2021,9,5
300,2021-08-06,2021,8,6
301,2022-02-02,2022,2,2
302,2023-01-29,2023,1,29
303,2024-03-15,2024,3,15
304,2019-08-01,2019,8,1
305,2022-12-03,2022,12,3
306,2020-05-30,2020,5,30
307,2024-03-16,2024,3,16
308,2020-06-26,2020,6,26
309,2020-11-30,2020,11,30
310,2021-05-31,2021,5,31
311,2024-04-03,2024,4,3
312,2023-05-20,2023,5,20
313,2022-11-23,2022,11,23
314,2021-03-30,2021,3,30
315,2020-11-20,2020,11,20
316,2020-08-05,2020,8,5
317,2020-05-24,2020,5,24
318,2021-08-04,2021,8,4
319,2020-06-21,2020,6,21
320,2020-05-09,2020,5,9
321,2019-11-04,2019,11,4
322,2022-04-17,2022,4,17
323,2020-01-29,2020,1,29
324,2023-01-08,2023,1,8
325,2022-07-29,2022,7,29
326,2021-07-28,2021,7,28
327,2023-06-08,2023,6,8
328,2020-07-25,2020,7,25
329,2023-01-24,2023,1,24
330,2019-07-12,2019,7,12
331,2022-09-28,2022,9,28
332,2022-06-26,2022,6,26
333,2023-11-10,2023,11,10
334,2023-08-13,2023,8,13
335,2022-08-25,2022,8,25
336,2020-07-03,2020,7,3
337,2021-09-06,2021,9,6
338,2023-02-10,2023,2,10
339,2024-04-21,2024,4,21
340,2023-01-23,2023,1,23
341,2019-07-18,2019,7,18
342,2020-06-02,2020,6,2
343,2022-06-25,2022,6,25
344,2020-04-05,2020,4,5
345,2019-07-02,2019,7,2
346,2022-02-05,2022,2,5
347,2021-01-23,2021,1,23
348,2021-02-15,2021,2,15
349,2022-06-01,2022,6,1
350,2021-08-07,2021,8,7
351,2023-01-19,2023,1,19
352,2022-10-04,2022,10,4
353,2022-08-19,2022,8,19
354,2024-05-15,2024,5,15
355,2019-09-16,2019,9,16
356,2024-04-04,2024,4,4
357,2019-10-05,2019,10,5
358,2022-08-24,2022,8,24
359,2021-11-01,2021,11,1
360,2020-07-26,2020,7,26
361,2022-10-03,2022,10,3
362,2023-08-15,2023,8,15
363,2022-05-26,2022,5,26
364,2020-09-15,2020,9,15
365,2022-05-27,2022,5,27
366,2024-03-23,2024,3,23
367,2020-02-01,2020,2,1
368,2019-12-06,2019,12,6
369,2023-02-01,2023,2,1
370,2020-07-01,2020,7,1
371,2020-12-20,2020,12,20
372,2020-04-30,2020,4,30
373,2023-07-22,2023,7,22
374,2022-09-14,2022,9,14
375,2021-05-07,2021,5,7
376,2020-08-23,2020,8,23
377,2020-08-28,2020,8,28
378,2021-08-03,2021,8,3
379,2023-02-02,2023,2,2
380,2020-09-20,2020,9,20
381,2020-02-21,2020,2,21
382,2024-01-12,2024,1,12
383,2021-04-07,2021,4,7
384,2022-04-14,2022,4,14
385,2019-09-17,2019,9,17
386,2019-12-31,2019,12,31
387,2019-09-28,2019,9,28
388,2022-04-11,2022,4,11
389,2023-08-20,2023,8,20
390,2021-11-25,2021,11,25
391,2020-10-12,2020,10,12
392,2021-03-17,2021,3,17
393,2023-07-13,2023,7,13
394,2023-07-23,2023,7,23
395,2021-11-08,2021,11,8
396,2019-12-20,2019,12,20
397,2023-04-16,2023,4,16
398,2023-10-05,2023,10,5
399,2021-10-31,2021,10,31
400,2021-11-06,2021,11,6
401,2021-05-17,2021,5,17
402,2019-06-07,2019,6,7
403,2021-09-17,2021,9,17
404,2020-06-17,2020,6,17
405,2022-07-14,2022,7,14
406,2020-10-14,2020,10,14
407,2023-12-27,2023,12,27
408,2022-07-03,2022,7,3
409,2023-03-18,2023,3,18
410,2024-05-12,2024,5,12
411,2022-06-22,2022,6,22
412,2020-12-01,2020,12,1
413,2023-10-18,2023,10,18
414,2021-07-29,2021,7,29
415,2024-04-02,2024,4,2
416,2024-01-30,2024,1,30
417,2021-07-21,2021,7,21
418,2021-01-13,2021,1,13
419,2021-05-28,2021,5,28
420,2021-07-12,2021,7,12
421,2020-07-29,2020,7,29
422,2019-10-01,2019,10,1
423,2019-05-20,2019,5,20
424,2020-06-28,2020,6,28
425,2020-04-04,2020,4,4
426,2019-12-30,2019,12,30
427,2024-02-16,2024,2,16
428,2023-09-24,2023,9,24
429,2021-10-09,2021,10,9
430,2020-10-25,2020,10,25
431,2021-01-21,2021,1,21
432,2024-04-07,2024,4,7
433,2021-12-19,2021,12,19
434,2022-12-17,2022,12,17
435,2020-03-22,2020,3,22
436,2020-10-27,2020,10,27
437,2024-01-27,2024,1,27
438,2023-09-01,2023,9,1
439,2023-04-22,2023,4,22
440,2022-03-03,2022,3,3
441,2023-09-04,2023,9,4
442,2022-10-22,2022,10,22
443,2022-12-25,2022,12,25
444,2020-10-01,2020,10,1
445,2019-12-11,2019,12,11
446,2022-08-30,2022,8,30
447,2020-08-26,2020,8,26
448,2024-02-15,2024,2,15
449,2020-04-10,2020,4,10
450,2022-09-01,2022,9,1
451,2023-05-19,2023,5,19
452,2019-07-19,2019,7,19
453,2023-11-14,2023,11,14
454,2024-01-20,2024,1,20
455,2020-08-29,2020,8,29
456,2020-01-12,2020,1,12
457,2019-11-15,2019,11,15
458,2023-10-08,2023,10,8
459,2020-01-23,2020,1,23
460,2021-12-24,2021,12,24
461,2019-12-02,2019,12,2
462,2022-05-19,2022,5,19
463,2022-11-10,2022,11,10
464,2022-02-18,2022,2,18
465,2019-08-09,2019,8,9
466,2021-07-16,2021,7,16
467,2020-07-24,2020,7,24
468,2019-10-24,2019,10,24
469,2021-06-09,2021,6,9
470,2022-09-04,2022,9,4
471,2021-04-18,2021,4,18
472,2023-08-27,2023,8,27
473,2019-12-07,2019,12,7
474,2023-03-12,2023,3,12
475,2023-01-30,2023,1,30
476,2020-05-04,2020,5,4
477,2020-12-15,2020,12,15
478,2024-05-24,2024,5,24
479,2023-07-07,2023,7,7
480,2020-02-07,2020,2,7
481,2022-06-15,2022,6,15
482,2021-11-07,2021,11,7
483,2019-06-29,2019,6,29
484,2022-02-26,2022,2,26
485,2020-12-27,2020,12,27
486,2022-06-08,2022,6,8
487,2021-04-23,2021,4,23
488,2022-07-19,2022,7,19
489,2021-01-07,2021,1,7
490,2020-06-12,2020,6,12
491,2022-08-22,2022,8,22
492,2021-04-19,2021,4,19
493,2020-03-28,2020,3,28
494,2023-09-17,2023,9,17
495,2020-08-24,2020,8,24
496,2021-04-05,2021,4,5
497,2022-05-10,2022,5,10
498,2021-07-06,2021,7,6
499,2022-05-11,2022,5,11
500,2019-12-15,2019,12,15
501,2022-01-11,2022,1,11
502,2022-12-15,2022,12,15
503,2020-04-23,2020,4,23
504,2022-04-30,2022,4,30
505,2021-04-16,2021,4,16
506,2020-03-29,2020,3,29
507,2022-10-11,2022,10,11
508,2022-07-15,2022,7,15
509,2019-07-08,2019,7,8
510,2019-08-08,2019,8,8
511,2022-01-27,2022,1,27
512,2022-02-28,2022,2,28
513,2022-12-28,2022,12,28
514,2020-06-20,2020,6,20
515,2023-01-12,2023,1,12
516,2020-01-05,2020,1,5
517,2021-06-27,2021,6,27
518,2019-11-12,2019,11,12
519,2022-09-15,2022,9,15
520,2019-08-14,2019,8,14
521,2023-02-17,2023,2,17
522,2021-02-18,2021,2,18
523,2019-10-25,2019,10,25
524,2020-05-02,2020,5,2
525,2019-09-19,2019,9,19
526,2022-02-06,2022,2,6
527,2023-11-04,2023,11,4
528,2023-12-31,2023,12,31
529,2021-02-07,2021,2,7
530,2023-11-29,2023,11,29
531,2020-08-10,2020,8,10
532,2022-04-19,2022,4,19
533,2023-12-01,2023,12,1
534,2022-08-13,2022,8,13
535,2023-05-27,2023,5,27
536,2020-05-22,2020,5,22
537,2021-01-25,2021,1,25
538,2019-06-02,2019,6,2
539,2023-05-09,2023,5,9
540,2023-01-01,2023,1,1
541,2020-11-04,2020,11,4
542,2021-05-01,2021,5,1
543,2020-10-04,2020,10,4
544,2023-03-06,2023,3,6
545,2019-11-02,2019,11,2
546,2019-07-06,2019,7,6
547,2019-06-08,2019,6,8
548,2021-12-18,2021,12,18
549,2021-06-01,2021,6,1
550,2020-01-18,2020,1,18
551,2024-03-08,2024,3,8
552,2023-01-28,2023,1,28
553,2023-12-17,2023,12,17
554,2023-04-27,2023,4,27
555,2020-02-05,2020,2,5
556,2020-05-17,2020,5,17
557,2020-03-25,2020,3,25
558,2020-06-23,2020,6,23
559,2023-07-27,2023,7,27
560,2023-10-24,2023,10,24
561,2021-02-05,2021,2,5
562,2022-05-31,2022,5,31
563,2019-11-01,2019,11,1
564,2019-09-03,2019,9,3
565,2022-08-03,2022,8,3
566,2020-10-06,2020,10,6
567,2019-12-22,2019,12,22
568,2022-03-19,2022,3,19
569,2023-03-21,2023,3,21
570,2021-05-11,2021,5,11
571,2020-09-25,2020,9,25
572,2022-09-08,2022,9,8
573,2021-06-25,2021,6,25
574,2024-03-20,2024,3,20
575,2024-01-08,2024,1,8
576,2022-05-05,2022,5,5
577,2021-12-29,2021,12,29
578,2021-10-10,2021,10,10
579,2020-04-09,2020,4,9
580,2024-04-16,2024,4,16
581,2024-03-25,2024,3,25
582,2022-04-06,2022,4,6
583,2020-08-09,2020,8,9
584,2021-05-16,2021,5,16
585,2023-07-25,2023,7,25
586,2023-06-22,2023,6,22
587,2023-12-13,2023,12,13
588,2023-11-12,2023,11,12
589,2023-05-30,2023,5,30
590,2024-01-14,2024,1,14
591,2024-03-09,2024,3,9
592,2021-11-26,2021,11,26
593,2020-02-04,2020,2,4
594,2019-07-20,2019,7,20
595,2021-11-23,2021,11,23
596,2019-09-09,2019,9,9
597,2023-08-14,2023,8,14
598,2023-05-06,2023,5,6
599,2019-10-28,2019,10,28
600,2019-10-14,2019,10,14
601,2021-02-19,2021,2,19
602,2019-09-29,2019,9,29
603,2024-05-14,2024,5,14
604,2023-05-03,2023,5,3
605,2022-07-26,2022,7,26
606,2020-11-18,2020,11,18
607,2023-09-22,2023,9,22
608,2022-12-19,2022,12,19
609,2020-08-02,2020,8,2
610,2023-04-02,2023,4,2
611,2019-09-21,2019,9,21
612,2021-12-21,2021,12,21
613,2023-10-16,2023,10,16
614,2024-02-26,2024,2,26
615,2020-05-03,2020,5,3
616,2019-09-05,2019,9,5
617,2021-07-23,2021,7,23
618,2022-02-10,2022,2,10
619,2020-04-13,2020,4,13
620,2020-08-03,2020,8,3
621,2022-07-24,2022,7,24
622,2020-08-21,2020,8,21
623,2023-10-06,2023,10,6
624,2022-01-08,2022,1,8
625,2019-10-29,2019,10,29
626,2024-03-19,2024,3,19
627,2023-10-01,2023,10,1
628,2022-12-21,2022,12,21
629,2022-11-21,2022,11,21
630,2019-07-17,2019,7,17
631,2023-02-18,2023,2,18
632,2021-04-20,2021,4,20
633,2024-01-25,2024,1,25
634,2022-12-10,2022,12,10
635,2021-10-23,2021,10,23
636,2020-10-16,2020,10,16
637,2020-01-25,2020,1,25
638,2024-05-19,2024,5,19
639,2022-07-06,2022,7,6
640,2024-03-22,2024,3,22
641,2023-03-09,2023,3,9
642,2023-10-13,2023,10,13
643,2022-09-21,2022,9,21
644,2019-07-22,2019,7,22
645,2023-02-27,2023,2,27
646,2022-12-11,2022,12,11
647,2021-02-17,2021,2,17
648,2024-02-06,2024,2,6
649,2021-09-25,2021,9,25
650,2022-01-25,2022,1,25
651,2020-03-17,2020,3,17
652,2020-06-11,2020,6,11
653,2019-12-29,2019,12,29
654,2022-06-13,2022,6,13
655,2023-02-03,2023,2,3
656,2023-07-28,2023,7,28
657,2023-02-23,2023,2,23
658,2019-08-02,2019,8,2
659,2021-12-20,2021,12,20
660,2021-10-27,2021,10,27
661,2023-08-21,2023,8,21
662,2021-12-26,2021,12,26
663,2020-03-16,2020,3,16
664,2022-09-30,2022,9,30
665,2019-09-04,2019,9,4
666,2023-05-29,2023,5,29
667,2023-08-01,2023,8,1
668,2023-08-28,2023,8,28
669,2022-05-30,2022,5,30
670,2022-10-24,2022,10,24
671,2019-12-27,2019,12,27
672,2021-02-11,2021,2,11
673,2020-07-09,2020,7,9
674,2022-09-10,2022,9,10
675,2019-11-19,2019,11,19
676,2020-09-30,2020,9,30
677,2023-02-14,2023,2,14
678,2022-08-21,2022,8,21
679,2022-05-01,2022,5,1
680,2019-11-28,2019,11,28
681,2022-09-22,2022,9,22
682,2019-11-08,2019,11,8
683,2021-03-07,2021,3,7
684,2023-06-27,2023,6,27
685,2022-02-08,2022,2,8
686,2024-03-02,2024,3,2
687,2020-09-21,2020,9,21
688,2021-06-11,2021,6,11
689,2023-08-26,2023,8,26
690,2022-07-10,2022,7,10
691,2021-05-15,2021,5,15
692,2024-05-10,2024,5,10
693,2022-07-05,2022,7,5
694,2020-04-01,2020,4,1
695,2022-06-29,2022,6,29
696,2020-12-09,2020,12,9
697,2019-06-10,2019,6,10
698,2023-02-05,2023,2,5
699,2022-08-16,2022,8,16
700,2022-11-05,2022,11,5
701,2020-06-06,2020,6,6
702,2021-03-03,2021,3,3
703,2023-06-25,2023,6,25
704,2020-01-26,2020,1,26
705,2023-01-22,2023,1,22
706,2021-05-04,2021,5,4
707,2024-01-28,2024,1,28
708,2021-03-15,2021,3,15
709,2021-10-15,2021,10,15
710,2019-05-23,2019,5,23
711,2022-03-18,2022,3,18
712,2022-11-03,2022,11,3
713,2024-03-29,2024,3,29
714,2019-08-16,2019,8,16
715,2019-11-03,2019,11,3
716,2020-09-19,2020,9,19
717,2021-09-24,2021,9,24
718,2020-01-15,2020,1,15
719,2019-09-26,2019,9,26
720,2022-05-25,2022,5,25
721,2020-01-04,2020,1,4
722,2022-03-20,2022,3,20
723,2019-08-12,2019,8,12
724,2021-05-06,2021,5,6
725,2019-05-29,2019,5,29
726,2023-10-20,2023,10,20
727,2019-10-10,2019,10,10
728,2023-02-26,2023,2,26
729,2020-03-18,2020,3,18
730,2021-03-21,2021,3,21
731,2024-04-10,2024,4,10
732,2023-01-10,2023,1,10
733,2020-04-26,2020,4,26
734,2020-02-20,2020,2,20
735,2023-10-28,2023,10,28
736,2020-08-11,2020,8,11
737,2023-02-08,2023,2,8
738,2021-07-14,2021,7,14
739,2020-05-19,2020,5,19
740,2020-06-15,2020,6,15
741,2021-04-02,2021,4,2
742,2023-02-12,2023,2,12
743,2021-11-12,2021,11,12
744,2021-06-20,2021,6,20
745,2021-05-27,2021,5,27
746,2020-03-06,2020,3,6
747,2022-10-16,2022,10,16
748,2020-08-15,2020,8,15
749,2021-03-29,2021,3,29
750,2021-03-26,2021,3,26
751,2021-08-24,2021,8,24
752,2023-11-28,2023,11,28
753,2022-11-13,2022,11,13
754,2019-08-19,2019,8,19
755,2020-07-13,2020,7,13
756,2023-10-09,2023,10,9
757,2020-05-26,2020,5,26
758,2023-09-29,2023,9,29
759,2023-04-11,2023,4,11
760,2021-11-13,2021,11,13
761,2023-06-09,2023,6,9
762,2020-01-17,2020,1,17
763,2022-05-04,2022,5,4
764,2019-11-16,2019,11,16
765,2022-04-25,2022,4,25
766,2022-05-12,2022,5,12
767,2022-01-06,2022,1,6
768,2022-12-27,2022,12,27
769,2024-01-31,2024,1,31
770,2020-12-30,2020,12,30
771,2024-01-06,2024,1,6
772,2023-09-27,2023,9,27
773,2022-02-09,2022,2,9
774,2021-10-08,2021,10,8
775,2023-09-02,2023,9,2
776,2019-11-25,2019,11,25
777,2023-06-04,2023,6,4
778,2021-04-17,2021,4,17
779,2020-10-26,2020,10,26
780,2023-04-05,2023,4,5
781,2019-11-07,2019,11,7
782,2022-03-17,2022,3,17
783,2021-03-04,2021,3,4
784,2021-07-27,2021,7,27
785,2021-10-26,2021,10,26
786,2023-02-22,2023,2,22
787,2023-03-03,2023,3,3
788,2020-10-31,2020,10,31
789,2022-06-19,2022,6,19
790,2023-08-19,2023,8,19
791,2021-05-30,2021,5,30
792,2022-04-01,2022,4,1
793,2020-09-13,2020,9,13
794,2020-08-22,2020,8,22
795,2020-05-27,2020,5,27
796,2021-10-03,2021,10,3
797,2020-01-31,2020,1,31
798,2023-05-25,2023,5,25
799,2022-12-12,2022,12,12
800,2022-11-14,2022,11,14
801,2023-11-27,2023,11,27
802,2023-03-26,2023,3,26
803,2020-05-12,2020,5,12
804,2024-02-08,2024,2,8
805,2021-05-20,2021,5,20
806,2020-07-23,2020,7,23
807,2022-01-31,2022,1,31
808,2021-04-09,2021,4,9
809,2023-07-18,2023,7,18
810,2022-05-14,2022,5,14
811,2019-07-14,2019,7,14
812,2021-12-16,2021,12,16
813,2022-09-13,2022,9,13
814,2020-01-07,2020,1,7
815,2020-05-10,2020,5,10
816,2019-08-30,2019,8,30
817,2019-09-27,2019,9,27
818,2021-04-30,2021,4,30
819,2020-10-07,2020,10,7
820,2022-10-26,2022,10,26
821,2023-11-22,2023,11,22
822,2021-01-10,2021,1,10
823,2022-10-20,2022,10,20
824,2019-07-13,2019,7,13
825,2023-03-13,2023,3,13
826,2021-05-14,2021,5,14
827,2021-03-02,2021,3,2
828,2023-03-02,2023,3,2
829,2021-08-30,2021,8,30
830,2021-04-11,2021,4,11
831,2022-07-02,2022,7,2
832,2022-09-19,2022,9,19
833,2019-06-26,2019,6,26
834,2019-09-20,2019,9,20
835,2024-02-11,2024,2,11
836,2019-07-25,2019,7,25
837,2019-09-30,2019,9,30
838,2019-07-16,2019,7,16
839,2022-05-08,2022,5,8
840,2020-06-18,2020,6,18
841,2022-01-13,2022,1,13
842,2021-04-13,2021,4,13
843,2022-12-14,2022,12,14
844,2020-02-16,2020,2,16
845,2021-06-17,2021,6,17
846,2022-03-14,2022,3,14
847,2023-11-23,2023,11,23
848,2022-04-28,2022,4,28
849,2020-02-19,2020,2,19
850,2022-03-30,2022,3,30
851,2022-11-18,2022,11,18
852,2022-11-06,2022,11,6
853,2020-10-13,2020,10,13
854,2021-07-17,2021,7,17
855,2024-01-11,2024,1,11
856,2022-07-11,2022,7,11
857,2023-05-16,2023,5,16
858,2020-02-14,2020,2,14
859,2020-03-14,2020,3,14
860,2023-09-14,2023,9,14
861,2024-02-18,2024,2,18
862,2019-06-18,2019,6,18
863,2023-02-04,2023,2,4
864,2019-07-11,2019,7,11
865,2023-07-17,2023,7,17
866,2022-07-28,2022,7,28
867,2022-08-28,2022,8,28
868,2023-05-28,2023,5,28
869,2020-09-28,2020,9,28
870,2022-06-05,2022,6,5
871,2021-12-11,2021,12,11
872,2021-12-14,2021,12,14
873,2020-04-07,2020,4,7
874,2020-11-14,2020,11,14
875,2023-02-07,2023,2,7
876,2023-08-23,2023,8,23
877,2023-10-04,2023,10,4
878,2020-04-19,2020,4,19
879,2023-08-30,2023,8,30
880,2023-06-20,2023,6,20
881,2021-04-25,2021,4,25
882,2019-05-16,2019,5,16
883,2019-06-15,2019,6,15
884,2024-01-26,2024,1,26
885,2020-05-23,2020,5,23
886,2022-10-31,2022,10,31
887,2019-10-31,2019,10,31
888,2022-03-28,2022,3,28
889,2021-12-03,2021,12,3
890,2020-03-02,2020,3,2
891,2020-09-01,2020,9,1
892,2020-05-15,2020,5,15
893,2024-03-30,2024,3,30
894,2020-11-16,2020,11,16
895,2019-09-23,2019,9,23
896,2019-06-27,2019,6,27
897,2021-03-16,2021,3,16
898,2021-05-26,2021,5,26
899,2022-05-17,2022,5,17
900,2023-07-09,2023,7,9
901,2023-05-18,2023,5,18
902,2023-11-16,2023,11,16
903,2024-02-01,2024,2,1
904,2022-05-28,2022,5,28
905,2022-10-08,2022,10,8
906,2020-12-11,2020,12,11
907,2022-11-15,2022,11,15
908,2019-12-05,2019,12,5
909,2021-01-22,2021,1,22
910,2020-08-18,2020,8,18
911,2019-10-11,2019,10,11
912,2020-08-12,2020,8,12
913,2022-06-21,2022,6,21
914,2024-05-25,2024,5,25
915,2023-03-22,2023,3,22
916,2020-02-03,2020,2,3
917,2022-06-02,2022,6,2
918,2023-06-24,2023,6,24
919,2020-02-06,2020,2,6
920,2024-02-20,2024,2,20
921,2021-08-25,2021,8,25
922,2020-12-10,2020,12,10
923,2022-01-01,2022,1,1
924,2019-12-24,2019,12,24
925,2020-11-07,2020,11,7
926,2023-10-10,2023,10,10
927,2019-06-25,2019,6,25
928,2024-02-27,2024,2,27
929,2024-05-01,2024,5,1
930,2020-10-30,2020,10,30
931,2023-01-07,2023,1,7
932,2020-05-25,2020,5,25
933,2019-07-07,2019,7,7
934,2023-12-05,2023,12,5
935,2020-06-07,2020,6,7
936,2023-09-08,2023,9,8
937,2020-07-05,2020,7,5
938,2023-03-28,2023,3,28
939,2021-02-12,2021,2,12
940,2022-01-26,2022,1,26
941,2020-09-24,2020,9,24
942,2019-05-15,2019,5,15
943,2023-02-28,2023,2,28
944,2022-10-23,2022,10,23
945,2020-05-21,2020,5,21
946,2019-10-17,2019,10,17
947,2022-01-09,2022,1,9
948,2020-09-07,2020,9,7
949,2022-09-29,2022,9,29
950,2023-11-18,2023,11,18
951,2022-07-30,2022,7,30
952,2022-04-21,2022,4,21
953,2020-03-15,2020,3,15
954,2021-01-28,2021,1,28
955,2021-09-07,2021,9,7
956,2019-10-27,2019,10,27
957,2023-10-15,2023,10,15
958,2021-03-12,2021,3,12
959,2019-07-15,2019,7,15
960,2021-03-09,2021,3,9
961,2023-12-03,2023,12,3
962,2023-07-08,2023,7,8
963,2021-12-02,2021,12,2
964,2019-06-16,2019,6,16
965,2020-11-11,2020,11,11
966,2020-10-09,2020,10,9
967,2021-06-30,2021,6,30
968,2021-02-16,2021,2,16
969,2022-10-05,2022,10,5
970,2022-02-15,2022,2,15
971,2022-01-05,2022,1,5
972,2022-04-22,2022,4,22
973,2024-03-31,2024,3,31
974,2024-03-21,2024,3,21
975,2022-04-03,2022,4,3
976,2023-03-14,2023,3,14
977,2022-05-13,2022,5,13
978,2021-03-18,2021,3,18
979,2023-12-07,2023,12,7
980,2020-02-08,2020,2,8
981,2023-02-13,2023,2,13
982,2024-03-11,2024,3,11
983,2023-11-19,2023,11,19
984,2021-07-26,2021,7,26
985,2021-02-09,2021,2,9
986,2022-10-02,2022,10,2
987,2023-08-17,2023,8,17
988,2022-10-25,2022,10,25
989,2020-12-16,2020,12,16
990,2019-09-02,2019,9,2
991,2019-08-11,2019,8,11
992,2022-05-29,2022,5,29
993,2023-02-21,2023,2,21
994,2024-04-29,2024,4,29
995,2023-12-10,2023,12,10
996,2019-07-24,2019,7,24
997,2019-06-19,2019,6,19
998,2022-04-12,2022,4,12
999,2019-07-21,2019,7,21
1000,2023-04-14,2023,4,14
1001,2020-02-18,2020,2,18
1002,2022-02-03,2022,2,3
1003,2020-04-20,2020,4,20
1004,2019-12-09,2019,12,9
1005,2021-04-08,2021,4,8
1006,2021-10-29,2021,10,29
1007,2023-10-29,2023,10,29
1008,2023-01-15,2023,1,15
1009,2024-01-04,2024,1,4
1010,2022-10-28,2022,10,28
1011,2022-11-16,2022,11,16
1012,2022-08-14,2022,8,14
1013,2019-07-10,2019,7,10
1014,2020-07-08,2020,7,8
1015,2020-02-24,2020,2,24
1016,2022-08-11,2022,8,11
1017,2020-10-05,2020,10,5
1018,2020-06-16,2020,6,16
1019,2020-01-02,2020,1,2
1020,2021-06-08,2021,6,8
1021,2022-06-07,2022,6,7
1022,2021-04-22,2021,4,22
1023,2020-12-14,2020,12,14
1024,2022-04-18,2022,4,18
1025,2021-09-01,2021,9,1
1026,2023-07-03,2023,7,3
1027,2023-01-20,2023,1,20
1028,2021-12-27,2021,12,27
1029,2019-08-06,2019,8,6
1030,2019-08-27,2019,8,27
1031,2023-04-12,2023,4,12
1032,2020-12-04,2020,12,4
1033,2023-03-30,2023,3,30
1034,2022-03-24,2022,3,24
1035,2020-06-24,2020,6,24
1036,2021-06-24,2021,6,24
1037,2019-06-23,2019,6,23
1038,2019-07-09,2019,7,9
1039,2023-08-08,2023,8,8
1040,2022-08-18,2022,8,18
1041,2023-05-11,2023,5,11
1042,2024-01-23,2024,1,23
1043,2023-05-21,2023,5,21
1044,2022-04-04,2022,4,4
1045,2022-03-21,2022,3,21
1046,2019-05-22,2019,5,22
1047,2021-11-17,2021,11,17
1048,2022-11-24,2022,11,24
1049,2023-03-11,2023,3,11
1050,2024-04-24,2024,4,24
1051,2019-10-08,2019,10,8
1052,2021-01-08,2021,1,8
1053,2020-11-03,2020,11,3
1054,2022-09-03,2022,9,3
1055,2020-04-15,2020,4,15
1056,2020-04-27,2020,4,27
1057,2021-09-08,2021,9,8
1058,2024-03-04,2024,3,4
1059,2023-04-03,2023,4,3
1060,2024-04-20,2024,4,20
1061,2021-03-24,2021,3,24
1062,2020-07-02,2020,7,2
1063,2024-03-12,2024,3,12
1064,2023-09-19,2023,9,19
1065,2021-10-16,2021,10,16
1066,2023-08-10,2023,8,10
1067,2023-04-17,2023,4,17
1068,2020-01-13,2020,1,13
1069,2023-12-28,2023,12,28
1070,2022-03-16,2022,3,16
1071,2021-02-27,2021,2,27
1072,2019-07-27,2019,7,27
1073,2021-01-05,2021,1,5
1074,2021-05-08,2021,5,8
1075,2024-03-06,2024,3,6
1076,2021-07-04,2021,7,4
1077,2023-08-09,2023,8,9
1078,2023-12-04,2023,12,4
1079,2024-02-13,2024,2,13
1080,2020-01-24,2020,1,24
1081,2024-02-14,2024,2,14
1082,2021-12-06,2021,12,6
1083,2021-10-12,2021,10,12
1084,2023-09-13,2023,9,13
1085,2019-05-13,2019,5,13
1086,2021-10-28,2021,10,28
1087,2022-06-09,2022,6,9
1088,2020-08-04,2020,8,4
1089,2019-10-18,2019,10,18
1090,2019-09-10,2019,9,10
1091,2022-07-13,2022,7,13
1092,2021-10-01,2021,10,1
1093,2024-03-05,2024,3,5
1094,2021-04-10,2021,4,10
1095,2021-10-02,2021,10,2
1096,2019-09-18,2019,9,18
1097,2023-09-12,2023,9,12
1098,2021-09-15,2021,9,15
1099,2020-09-11,2020,9,11
1100,2020-08-08,2020,8,8
1101,2021-11-27,2021,11,27
1102,2022-11-08,2022,11,8
1103,2021-10-30,2021,10,30
1104,2023-08-16,2023,8,16
1105,2024-04-23,2024,4,23
1106,2022-12-01,2022,12,1
1107,2022-07-21,2022,7,21
1108,2019-10-09,2019,10,9
1109,2021-06-02,2021,6,2
1110,2022-11-17,2022,11,17
1111,2022-08-27,2022,8,27
1112,2021-09-29,2021,9,29
1113,2023-06-21,2023,6,21
1114,2022-04-02,2022,4,2
1115,2021-09-22,2021,9,22
1116,2022-04-08,2022,4,8
1117,2023-11-02,2023,11,2
1118,2023-12-22,2023,12,22
1119,2023-10-22,2023,10,22
1120,2022-01-29,2022,1,29
1121,2023-03-20,2023,3,20
1122,2020-01-01,2020,1,1
1123,2023-01-14,2023,1,14
1124,2019-07-30,2019,7,30
1125,2022-05-21,2022,5,21
1126,2021-11-18,2021,11,18
1127,2024-02-17,2024,2,17
1128,2023-12-29,2023,12,29
1129,2020-07-12,2020,7,12
1130,2022-08-02,2022,8,2
1131,2023-12-09,2023,12,9
1132,2021-05-23,2021,5,23
1133,2021-09-04,2021,9,4
1134,2023-06-19,2023,6,19
1135,2021-09-11,2021,9,11
1136,2022-06-04,2022,6,4
1137,2022-08-04,2022,8,4
1138,2020-11-06,2020,11,6
1139,2021-12-22,2021,12,22
1140,2023-11-05,2023,11,5
1141,2023-05-12,2023,5,12
1142,2019-05-12,2019,5,12
1143,2021-12-01,2021,12,1
1144,2021-12-28,2021,12,28
1145,2020-11-29,2020,11,29
1146,2019-12-10,2019,12,10
1147,2024-01-09,2024,1,9
1148,2019-08-15,2019,8,15
1149,2019-10-13,2019,10,13
1150,2021-01-03,2021,1,3
1151,2021-01-30,2021,1,30
1152,2020-08-17,2020,8,17
1153,2022-09-09,2022,9,9
1154,2021-10-17,2021,10,17
1155,2021-01-31,2021,1,31
1156,2021-07-19,2021,7,19
1157,2019-12-18,2019,12,18
1158,2020-11-12,2020,11,12
1159,2023-07-06,2023,7,6
1160,2022-05-03,2022,5,3
1161,2020-08-25,2020,8,25
1162,2019-11-06,2019,11,6
1163,2019-08-20,2019,8,20
1164,2023-07-30,2023,7,30
1165,2020-05-11,2020,5,11
1166,2022-02-11,2022,2,11
1167,2023-04-04,2023,4,4
1168,2019-11-27,2019,11,27
1169,2019-10-23,2019,10,23
1170,2019-05-17,2019,5,17
1171,2021-01-24,2021,1,24
1172,2023-10-30,2023,10,30
1173,2023-03-25,2023,3,25
1174,2023-12-25,2023,12,25
1175,2022-06-18,2022,6,18
1176,2023-11-06,2023,11,6
1177,2023-07-04,2023,7,4
1178,2020-09-02,2020,9,2
1179,2022-05-23,2022,5,23
1180,2022-01-17,2022,1,17
1181,2023-07-01,2023,7,1
1182,2019-05-21,2019,5,21
1183,2024-01-10,2024,1,10
1184,2021-01-18,2021,1,18
1185,2023-08-24,2023,8,24
1186,2022-04-16,2022,4,16
1187,2024-05-09,2024,5,9
1188,2020-12-07,2020,12,7
1189,2023-09-15,2023,9,15
1190,2019-08-04,2019,8,4
1191,2024-02-29,2024,2,29
1192,2023-01-26,2023,1,26
1193,2021-10-07,2021,10,7
1194,2022-02-19,2022,2,19
1195,2021-02-03,2021,2,3
1196,2021-10-18,2021,10,18
1197,2020-12-12,2020,12,12
1198,2024-05-16,2024,5,16
1199,2021-12-17,2021,12,17
1200,2023-08-18,2023,8,18
1201,2020-08-31,2020,8,31
1202,2024-03-17,2024,3,17
1203,2024-04-26,2024,4,26
1204,2022-10-27,2022,10,27
1205,2023-07-12,2023,7,12
1206,2021-12-15,2021,12,15
1207,2022-08-12,2022,8,12
1208,2021-08-14,2021,8,14
1209,2021-01-11,2021,1,11
1210,2022-04-29,2022,4,29
1211,2023-01-04,2023,1,4
1212,2019-08-28,2019,8,28
1213,2020-08-19,2020,8,19
1214,2023-07-20,2023,7,20
1215,2021-08-31,2021,8,31
1216,2020-09-03,2020,9,3
1217,2023-06-13,2023,6,13
1218,2019-06-01,2019,6,1
1219,2021-05-18,2021,5,18
1220,2019-09-13,2019,9,13
1221,2023-11-13,2023,11,13
1222,2024-04-17,2024,4,17
1223,2021-12-10,2021,12,10
1224,2019-08-07,2019,8,7
1225,2020-09-09,2020,9,9
1226,2022-10-15,2022,10,15
1227,2019-11-20,2019,11,20
1228,2020-07-11,2020,7,11
1229,2022-05-09,2022,5,9
1230,2024-01-03,2024,1,3
1231,2021-02-13,2021,2,13
1232,2023-06-26,2023,6,26
1233,2019-09-14,2019,9,14
1234,2021-03-31,2021,3,31
1235,2021-11-28,2021,11,28
1236,2020-08-30,2020,8,30
1237,2024-05-17,2024,5,17
1238,2022-10-18,2022,10,18
1239,2021-02-14,2021,2,14
1240,2022-11-26,2022,11,26
1241,2022-08-05,2022,8,5
1242,2022-02-13,2022,2,13
1243,2019-08-03,2019,8,3
1244,2020-12-28,2020,12,28
1245,2022-09-02,2022,9,2
1246,2020-03-31,2020,3,31
1247,2021-02-22,2021,2,22
1248,2021-02-23,2021,2,23
1249,2020-04-25,2020,4,25
1250,2021-11-09,2021,11,9
1251,2021-06-23,2021,6,23
1252,2023-09-26,2023,9,26
1253,2020-09-16,2020,9,16
1254,2021-09-30,2021,9,30
1255,2020-07-06,2020,7,6
1256,2020-07-17,2020,7,17
1257,2021-05-22,2021,5,22
1258,2022-01-14,2022,1,14
1259,2023-11-15,2023,11,15
1260,2022-05-15,2022,5,15
1261,2023-01-13,2023,1,13
1262,2021-03-06,2021,3,6
1263,2020-03-03,2020,3,3
1264,2020-07-27,2020,7,27
1265,2019-12-04,2019,12,4
1266,2023-09-20,2023,9,20
1267,2023-06-05,2023,6,5
1268,2022-02-21,2022,2,21
1269,2021-05-13,2021,5,13
1270,2022-01-23,2022,1,23
1271,2022-01-20,2022,1,20
1272,2021-03-10,2021,3,10
1273,2019-11-14,2019,11,14
1274,2022-11-28,2022,11,28
1275,2023-06-28,2023,6,28
1276,2022-02-14,2022,2,14
1277,2022-01-10,2022,1,10
1278,2022-09-20,2022,9,20
1279,2019-12-16,2019,12,16
1280,2021-07-25,2021,7,25
1281,2021-10-22,2021,10,22
1282,2023-06-23,2023,6,23
1283,2023-02-06,2023,2,6
1284,2022-09-23,2022,9,23
1285,2022-07-16,2022,7,16
1286,2020-03-13,2020,3,13
1287,2021-08-10,2021,8,10
1288,2024-02-09,2024,2,9
1289,2022-12-24,2022,12,24
1290,2024-03-14,2024,3,14
1291,2023-02-24,2023,2,24
1292,2020-02-17,2020,2,17
1293,2020-11-01,2020,11,1
1294,2020-07-04,2020,7,4
1295,2019-06-14,2019,6,14
1296,2022-11-29,2022,11,29
1297,2020-01-21,2020,1,21
1298,2023-04-07,2023,4,7
1299,2020-05-18,2020,5,18
1300,2019-09-25,2019,9,25
1301,2020-06-03,2020,6,3
1302,2022-03-05,2022,3,5
1303,2022-04-27,2022,4,27
1304,2021-09-23,2021,9,23
1305,2021-10-19,2021,10,19
1306,2022-06-16,2022,6,16
1307,2021-09-14,2021,9,14
1308,2021-01-17,2021,1,17
1309,2023-12-08,2023,12,8
1310,2021-07-20,2021,7,20
1311,2023-10-26,2023,10,26
1312,2021-04-28,2021,4,28
1313,2023-03-19,2023,3,19
1314,2022-09-11,2022,9,11
1315,2021-06-14,2021,6,14
1316,2023-02-11,2023,2,11
1317,2021-01-02,2021,1,2
1318,2024-01-05,2024,1,5
1319,2019-08-18,2019,8,18
1320,2021-04-04,2021,4,4
1321,2021-11-11,2021,11,11
1322,2022-06-11,2022,6,11
1323,2020-11-25,2020,11,25
1324,2022-11-12,2022,11,12
1325,2020-01-11,2020,1,11
1326,2021-11-16,2021,11,16
1327,2022-09-06,2022,9,6
1328,2019-07-04,2019,7,4
1329,2020-12-05,2020,12,5
1330,2020-02-23,2020,2,23
1331,2023-01-09,2023,1,9
1332,2023-01-05,2023,1,5
1333,2023-03-04,2023,3,4
1334,2023-07-10,2023,7,10
1335,2021-07-18,2021,7,18
1336,2019-06-12,2019,6,12
1337,2022-06-20,2022,6,20
1338,2019-06-13,2019,6,13
1339,2021-07-10,2021,7,10
1340,2020-02-02,2020,2,2
1341,2022-12-08,2022,12,8
1342,2020-09-10,2020,9,10
1343,2022-05-22,2022,5,22
1344,2020-11-22,2020,11,22
1345,2020-04-12,2020,4,12
1346,2023-08-05,2023,8,5
1347,2022-12-05,2022,12,5
1348,2022-04-05,2022,4,5
1349,2022-03-22,2022,3,22
1350,2021-06-21,2021,6,21
1351,2020-06-13,2020,6,13
1352,2022-07-17,2022,7,17
1353,2023-03-24,2023,3,24
1354,2020-03-30,2020,3,30
1355,2019-09-08,2019,9,8
1356,2024-03-07,2024,3,7
1357,2019-09-11,2019,9,11
1358,2021-08-09,2021,8,9
1359,2020-08-20,2020,8,20
1360,2022-12-06,2022,12,6
1361,2022-08-15,2022,8,15
1362,2020-01-20,2020,1,20
1363,2024-05-30,2024,5,30
1364,2019-09-22,2019,9,22
1365,2023-04-06,2023,4,6
1366,2021-05-21,2021,5,21
1367,2023-03-23,2023,3,23
1368,2022-03-09,2022,3,9
1369,2023-11-09,2023,11,9
1370,2019-10-02,2019,10,2
1371,2019-07-03,2019,7,3
1372,2023-02-19,2023,2,19
1373,2022-12-02,2022,12,2
1374,2020-02-28,2020,2,28
1375,2022-03-04,2022,3,4
1376,2024-03-24,2024,3,24
1377,2020-03-10,2020,3,10
1378,2020-04-29,2020,4,29
1379,2022-11-30,2022,11,30
1380,2022-06-23,2022,6,23
1381,2024-05-13,2024,5,13
1382,2023-09-28,2023,9,28
1383,2024-04-15,2024,4,15
1384,2023-04-30,2023,4,30
1385,2023-07-29,2023,7,29
1386,2023-10-23,2023,10,23
1387,2019-07-31,2019,7,31
1388,2022-03-23,2022,3,23
1389,2023-11-17,2023,11,17
1390,2022-05-06,2022,5,6
1391,2021-03-13,2021,3,13
1392,2024-04-11,2024,4,11
1393,2020-09-27,2020,9,27
1394,2019-10-26,2019,10,26
1395,2019-05-11,2019,5,11
1396,2021-10-11,2021,10,11
1397,2021-06-05,2021,6,5
1398,2022-12-26,2022,12,26
1399,2021-01-20,2021,1,20
1400,2023-05-22,2023,5,22
1401,2021-05-19,2021,5,19
1402,2022-09-12,2022,9,12
1403,2021-09-21,2021,9,21
1404,2020-01-08,2020,1,8
1405,2022-04-15,2022,4,15
1406,2021-01-04,2021,1,4
1407,2020-10-19,2020,10,19
1408,2023-05-02,2023,5,2
1409,2022-07-07,2022,7,7
1410,2023-08-07,2023,8,7
1411,2020-04-14,2020,4,14
1412,2021-10-21,2021,10,21
1413,2021-02-10,2021,2,10
1414,2019-06-11,2019,6,11
1415,2019-09-12,2019,9,12
1416,2023-01-25,2023,1,25
1417,2020-11-21,2020,11,21
1418,2023-02-16,2023,2,16
1419,2020-03-21,2020,3,21
1420,2023-06-14,2023,6,14
1421,2020-01-14,2020,1,14
1422,2023-02-15,2023,2,15
1423,2022-08-06,2022,8,6
1424,2022-08-08,2022,8,8
1425,2021-08-11,2021,8,11
1426,2023-12-16,2023,12,16
1427,2021-02-01,2021,2,1
1428,2021-04-06,2021,4,6
1429,2022-02-24,2022,2,24
1430,2022-03-15,2022,3,15
1431,2021-09-28,2021,9,28
1432,2020-07-21,2020,7,21
1433,2023-06-11,2023,6,11
1434,2021-01-14,2021,1,14
1435,2022-11-09,2022,11,9
1436,2021-12-31,2021,12,31
1437,2023-04-13,2023,4,13
1438,2020-10-11,2020,10,11
1439,2024-02-23,2024,2,23
1440,2022-02-22,2022,2,22
1441,2023-11-01,2023,11,1
1442,2024-04-12,2024,4,12
1443,2020-04-21,2020,4,21
1444,2021-04-27,2021,4,27
1445,2023-09-03,2023,9,3
1446,2019-12-26,2019,12,26
1447,2023-03-07,2023,3,7
1448,2020-01-06,2020,1,6
1449,2023-06-02,2023,6,2
1450,2019-06-22,2019,6,22
1451,2023-06-12,2023,6,12
1452,2020-09-23,2020,9,23
1453,2022-04-20,2022,4,20
1454,2019-06-24,2019,6,24
1455,2023-06-16,2023,6,16
1456,2023-01-16,2023,1,16
1457,2021-07-02,2021,7,2
1458,2022-03-01,2022,3,1
1459,2021-09-20,2021,9,20
1460,2020-05-05,2020,5,5
1461,2023-04-23,2023,4,23
1462,2023-08-04,2023,8,4
1463,2019-10-07,2019,10,7
1464,2021-02-21,2021,2,21
1465,2020-08-13,2020,8,13
1466,2024-03-10,2024,3,10
1467,2021-08-22,2021,8,22
1468,2021-03-27,2021,3,27
1469,2020-05-14,2020,5,14
1470,2021-11-05,2021,11,5
1471,2023-07-24,2023,7,24
1472,2023-04-10,2023,4,10
1473,2021-03-19,2021,3,19
1474,2021-08-23,2021,8,23
1475,2020-06-25,2020,6,25
1476,2020-03-12,2020,3,12
1477,2020-07-19,2020,7,19
1478,2019-10-30,2019,10,30
1479,2021-08-15,2021,8,15
1480,2022-05-02,2022,5,2
1481,2020-06-30,2020,6,30
1482,2020-01-09,2020,1,9
1483,2023-06-17,2023,6,17
1484,2019-11-10,2019,11,10
1485,2022-03-10,2022,3,10
1486,2023-10-19,2023,10,19
1487,2022-01-19,2022,1,19
1488,2023-04-09,2023,4,9
1489,2021-08-29,2021,8,29
1490,2022-03-27,2022,3,27
1491,2022-07-12,2022,7,12
1492,2021-08-21,2021,8,21
1493,2022-12-04,2022,12,4
1494,2020-06-27,2020,6,27
1495,2020-01-10,2020,1,10
1496,2019-10-03,2019,10,3
1497,2021-08-18,2021,8,18
1498,2022-07-09,2022,7,9
1499,2023-05-26,2023,5,26
1500,2020-10-18,2020,10,18
1501,2022-04-24,2022,4,24
1502,2021-05-24,2021,5,24
1503,2022-05-18,2022,5,18
1504,2023-01-31,2023,1,31
1505,2023-12-15,2023,12,15
1506,2023-05-24,2023,5,24
1507,2021-06-29,2021,6,29
1508,2021-04-21,2021,4,21
1509,2024-04-27,2024,4,27
1510,2020-10-23,2020,10,23
1511,2020-05-07,2020,5,7
1512,2023-04-26,2023,4,26
1513,2024-04-28,2024,4,28
1514,2021-06-28,2021,6,28
1515,2020-08-16,2020,8,16
1516,2022-11-01,2022,11,1
1517,2023-05-04,2023,5,4
1518,2024-05-26,2024,5,26
1519,2022-03-13,2022,3,13
1520,2019-05-19,2019,5,19
1521,2023-03-17,2023,3,17
1522,2021-09-10,2021,9,10
1523,2024-04-19,2024,4,19
1524,2021-10-06,2021,10,6
1525,2023-04-24,2023,4,24
1526,2024-01-07,2024,1,7
1527,2021-05-25,2021,5,25
1528,2023-10-31,2023,10,31
1529,2023-04-01,2023,4,1
1530,2023-12-30,2023,12,30
1531,2021-09-13,2021,9,13
1532,2021-09-26,2021,9,26
1533,2022-03-08,2022,3,8
1534,2024-05-06,2024,5,6
1535,2022-08-17,2022,8,17
1536,2023-11-20,2023,11,20
1537,2019-06-09,2019,6,9
1538,2023-10-25,2023,10,25
1539,2022-12-16,2022,12,16
1540,2023-07-19,2023,7,19
1541,2023-12-18,2023,12,18
1542,2023-07-26,2023,7,26
1543,2023-09-10,2023,9,10
1544,2021-02-24,2021,2,24
1545,2021-09-02,2021,9,2
1546,2020-11-26,2020,11,26
1547,2019-06-21,2019,6,21
1548,2020-05-16,2020,5,16
1549,2023-08-22,2023,8,22
1550,2020-10-10,2020,10,10
1551,2020-12-25,2020,12,25
1552,2020-04-17,2020,4,17
1553,2022-12-22,2022,12,22
1554,2019-11-18,2019,11,18
1555,2023-07-16,2023,7,16
1556,2024-04-18,2024,4,18
1557,2023-10-07,2023,10,7
1558,2022-02-04,2022,2,4
1559,2023-12-26,2023,12,26
1560,2021-03-23,2021,3,23
1561,2019-05-25,2019,5,25
1562,2023-10-03,2023,10,3
1563,2020-08-01,2020,8,1
1564,2022-01-24,2022,1,24
1565,2021-03-01,2021,3,1
1566,2020-03-08,2020,3,8
1567,2022-08-20,2022,8,20
1568,2021-08-02,2021,8,2
1569,2021-11-20,2021,11,20
1570,2022-04-23,2022,4,23
1571,2020-06-29,2020,6,29
1572,2023-06-29,2023,6,29
1573,2020-04-06,2020,4,6
1574,2020-12-22,2020,12,22
1575,2020-04-24,2020,4,24
1576,2020-01-28,2020,1,28
1577,2022-09-16,2022,9,16
1578,2021-08-01,2021,8,1
1579,2022-12-18,2022,12,18
1580,2020-09-05,2020,9,5
1581,2024-05-08,2024,5,8
1582,2020-09-12,2020,9,12
1583,2021-07-05,2021,7,5
1584,2019-11-11,2019,11,11
1585,2020-07-07,2020,7,7
1586,2023-05-15,2023,5,15
1587,2023-09-09,2023,9,9
1588,2020-04-18,2020,4,18
1589,2022-10-30,2022,10,30
1590,2021-04-01,2021,4,1
1591,2022-10-12,2022,10,12
1592,2023-12-11,2023,12,11
1593,2021-05-03,2021,5,3
1594,2020-12-31,2020,12,31
1595,2022-08-09,2022,8,9
1596,2020-02-13,2020,2,13
1597,2019-08-13,2019,8,13
1598,2020-03-23,2020,3,23
1599,2023-05-23,2023,5,23
1600,2021-04-12,2021,4,12
1601,2022-02-27,2022,2,27
1602,2020-03-27,2020,3,27
1603,2022-08-26,2022,8,26
1604,2021-11-02,2021,11,2
1605,2020-03-19,2020,3,19
1606,2024-01-13,2024,1,13
1607,2021-05-09,2021,5,9
1608,2020-05-29,2020,5,29
1609,2023-10-17,2023,10,17
1610,2021-11-24,2021,11,24
1611,2021-04-14,2021,4,14
1612,2019-08-24,2019,8,24
1613,2023-01-18,2023,1,18
1614,2024-04-01,2024,4,1
1615,2020-12-24,2020,12,24
1616,2020-03-24,2020,3,24
1617,2022-08-23,2022,8,23
1618,2023-05-01,2023,5,1
1619,2022-01-21,2022,1,21
1620,2021-03-08,2021,3,8
1621,2020-07-28,2020,7,28
1622,2024-05-11,2024,5,11
1623,2022-01-02,2022,1,2
1624,2019-10-21,2019,10,21
1625,2022-11-27,2022,11,27
1626,2021-10-20,2021,10,20
1627,2022-10-19,2022,10,19
1628,2021-11-14,2021,11,14
1629,2019-07-23,2019,7,23
1630,2023-12-02,2023,12,2
1631,2023-11-30,2023,11,30
1632,2024-04-13,2024,4,13
1633,2023-11-03,2023,11,3
1634,2023-03-15,2023,3,15
1635,2022-01-18,2022,1,18
1636,2021-11-10,2021,11,10
1637,2021-06-19,2021,6,19
1638,2020-11-19,2020,11,19
1639,2021-04-03,2021,4,3
1640,2021-06-13,2021,6,13
1641,2022-12-09,2022,12,9
1642,2023-04-08,2023,4,8
1643,2019-11-05,2019,11,5
1644,2023-11-24,2023,11,24
1645,2024-05-22,2024,5,22
1646,2022-03-25,2022,3,25
1647,2021-06-10,2021,6,10
1648,2021-02-25,2021,2,25
1649,2023-01-03,2023,1,3
1650,2021-11-30,2021,11,30
1651,2021-06-07,2021,6,7
1652,2021-10-04,2021,10,4
1653,2022-09-26,2022,9,26
1654,2019-10-22,2019,10,22
1655,2021-11-29,2021,11,29
1656,2020-03-20,2020,3,20
1657,2024-02-12,2024,2,12
1658,2020-02-27,2020,2,27
1659,2019-05-18,2019,5,18
1660,2023-08-06,2023,8,6
1661,2019-12-14,2019,12,14
1662,2021-07-08,2021,7,8
1663,2023-11-11,2023,11,11
1664,2020-05-06,2020,5,6
1665,2019-10-12,2019,10,12
1666,2019-06-03,2019,6,3
1667,2023-09-06,2023,9,6
1668,2021-02-08,2021,2,8
1669,2020-08-07,2020,8,7
1670,2022-01-30,2022,1,30
1671,2021-12-23,2021,12,23
1672,2023-12-23,2023,12,23
1673,2022-05-07,2022,5,7
1674,2020-01-22,2020,1,22
1675,2022-10-10,2022,10,10
1676,2020-05-01,2020,5,1
1677,2021-08-17,2021,8,17
1678,2023-05-13,2023,5,13
1679,2022-10-13,2022,10,13
1680,2020-03-11,2020,3,11
1681,2019-06-06,2019,6,6
1682,2022-02-01,2022,2,1
1683,2024-03-13,2024,3,13
1684,2020-12-13,2020,12,13
1685,2020-02-25,2020,2,25
1686,2019-07-28,2019,7,28
1687,2020-09-14,2020,9,14
1688,2020-07-30,2020,7,30
1689,2023-10-14,2023,10,14
1690,2023-05-10,2023,5,10
1691,2023-04-28,2023,4,28
1692,2022-06-06,2022,6,6
1693,2019-08-22,2019,8,22
1694,2019-08-25,2019,8,25
1695,2020-11-24,2020,11,24
1696,2023-03-29,2023,3,29
1697,2024-03-03,2024,3,3
1698,2019-06-05,2019,6,5
1699,2021-05-02,2021,5,2
1700,2023-12-21,2023,12,21
1701,2019-08-23,2019,8,23
1702,2019-05-26,2019,5,26
1703,2020-06-09,2020,6,9
1704,2021-07-30,2021,7,30
1705,2024-01-29,2024,1,29
1706,2023-06-18,2023,6,18
1707,2020-02-26,2020,2,26
1708,2019-08-31,2019,8,31
1709,2021-01-12,2021,1,12
1710,2021-07-22,2021,7,22
1711,2020-04-08,2020,4,8
1712,2023-03-27,2023,3,27
1713,2020-06-04,2020,6,4
1714,2023-04-15,2023,4,15
1715,2023-10-02,2023,10,2
1716,2020-10-22,2020,10,22
1717,2021-06-04,2021,6,4
1718,2023-06-07,2023,6,7
1719,2020-10-24,2020,10,24
1720,2022-04-07,2022,4,7
1721,2019-09-24,2019,9,24
1722,2020-09-29,2020,9,29
1723,2022-10-29,2022,10,29
1724,2021-01-15,2021,1,15
1725,2021-07-13,2021,7,13
1726,2023-04-25,2023,4,25
1727,2024-05-20,2024,5,20
1728,2024-03-01,2024,3,1
1729,2021-09-27,2021,9,27
1730,2019-12-17,2019,12,17
1731,2022-03-06,2022,3,6
1732,2024-05-27,2024,5,27
1733,2019-05-30,2019,5,30
1734,2023-03-31,2023,3,31
1735,2020-08-06,2020,8,6
1736,2024-01-21,2024,1,21
1737,2022-12-30,2022,12,30
1738,2024-05-02,2024,5,2
1739,2021-01-06,2021,1,6
1740,2019-05-28,2019,5,28
1741,2019-12-25,2019,12,25
1742,2020-07-16,2020,7,16
1743,2019-12-23,2019,12,23
1744,2022-03-12,2022,3,12
1745,2022-10-17,2022,10,17
1746,2020-12-03,2020,12,3
1747,2020-12-29,2020,12,29
1748,2023-06-06,2023,6,6
1749,2022-03-31,2022,3,31
1750,2021-07-07,2021,7,7
1751,2022-06-14,2022,6,14
1752,2021-11-15,2021,11,15
1753,2023-02-20,2023,2,20
1754,2024-04-25,2024,4,25
1755,2023-12-20,2023,12,20
1756,2020-11-05,2020,11,5
1757,2024-01-24,2024,1,24
1758,2020-12-19,2020,12,19
1759,2022-09-24,2022,9,24
1760,2024-05-18,2024,5,18
1761,2020-11-09,2020,11,9
1762,2019-07-26,2019,7,26
1763,2020-05-08,2020,5,8
1764,2020-07-15,2020,7,15
1765,2020-02-15,2020,2,15
1766,2021-04-26,2021,4,26
1767,2022-05-24,2022,5,24
1768,2022-10-21,2022,10,21
1769,2020-12-26,2020,12,26
1770,2023-04-20,2023,4,20
1771,2019-06-28,2019,6,28
1772,2022-02-12,2022,2,12
1773,2020-03-04,2020,3,4
1774,2021-08-08,2021,8,8
1775,2022-11-04,2022,11,4
1776,2020-02-22,2020,2,22
1777,2024-01-17,2024,1,17
1778,2021-06-16,2021,6,16
1779,2023-01-17,2023,1,17
1780,2021-01-19,2021,1,19
1781,2019-12-12,2019,12,12
1782,2021-03-22,2021,3,22
1783,2022-03-07,2022,3,7
1784,2023-03-01,2023,3,1
1785,2024-01-01,2024,1,1
1786,2022-01-04,2022,1,4
1787,2024-06-01,2024,6,1
1788,2019-10-04,2019,10,4
1789,2019-11-13,2019,11,13
1790,2022-07-27,2022,7,27
1791,2020-03-09,2020,3,9
1792,2023-12-06,2023,12,6
1793,2024-05-29,2024,5,29
1794,2022-11-19,2022,11,19
1795,2023-08-31,2023,8,31
1796,2023-05-17,2023,5,17
1797,2020-10-15,2020,10,15
1798,2024-04-30,2024,4,30
1799,2023-07-21,2023,7,21
1800,2024-05-05,2024,5,5
1801,2023-08-29,2023,8,29
1802,2021-06-26,2021,6,26
1803,2022-12-23,2022,12,23
1804,2022-03-11,2022,3,11
1805,2024-06-02,2024,6,2
1806,2023-01-21,2023,1,21
1807,2021-05-12,2021,5,12
1808,2022-03-02,2022,3,2
1809,2023-03-16,2023,3,16
1810,2024-05-28,2024,5,28
1811,2019-08-29,2019,8,29
1812,2020-10-02,2020,10,2
1813,2023-03-08,2023,3,8
1814,2021-04-24,2021,4,24
1815,2024-02-25,2024,2,25
1816,2022-01-03,2022,1,3
1817,2022-12-07,2022,12,7
1818,2022-08-29,2022,8,29
1819,2021-02-02,2021,2,2
1820,2022-06-17,2022,6,17
1821,2024-01-18,2024,1,18
1822,2021-05-05,2021,5,5
1823,2021-10-25,2021,10,25
1824,2020-11-08,2020,11,8
1825,2020-11-23,2020,11,23
1826,2022-12-13,2022,12,13
1827,2021-12-25,2021,12,25
1828,2019-08-10,2019,8,10
1829,2021-08-16,2021,8,16
1830,2019-12-19,2019,12,19
1831,2020-12-21,2020,12,21
1832,2019-06-20,2019,6,20
1833,2023-09-21,2023,9,21
1834,2021-04-29,2021,4,29
1835,2019-05-27,2019,5,27
1836,2021-04-15,2021,4,15
1837,2023-02-09,2023,2,9
1838,2020-01-03,2020,1,3
1839,2022-08-01,2022,8,1
1840,2021-09-12,2021,9,12
1841,2021-03-28,2021,3,28
1842,2019-05-14,2019,5,14
1843,2023-05-08,2023,5,8
1844,2023-07-31,2023,7,31
1845,2019-05-10,2019,5,10
1846,2021-11-19,2021,11,19
1847,2024-05-23,2024,5,23
1848,2022-09-17,2022,9,17
1849,2022-02-07,2022,2,7
1850,2024-06-04,2024,6,4
1851,2024-06-05,2024,6,5
1852,2019-05-24,2019,5,24
1853,2024-06-03,2024,6,3
1854,2019-05-09,2019,5,9
1855,2024-05-31,2024,5,31
1856,2024-06-06,2024,6,6
