time_id,Date of Admission,Admission Year,Admission Month,Admission Day
1,2024-01-31,2024,1,31
2,2019-08-20,2019,8,20
3,2022-09-22,2022,9,22
4,2020-11-18,2020,11,18
5,2022-09-19,2022,9,19
6,2023-12-20,2023,12,20
7,2020-11-03,2020,11,3
8,2021-12-28,2021,12,28
9,2020-07-01,2020,7,1
10,2021-05-23,2021,5,23
11,2020-04-19,2020,4,19
12,2023-08-13,2023,8,13
13,2019-12-12,2019,12,12
14,2020-05-22,2020,5,22
15,2021-10-08,2021,10,8
16,2023-01-01,2023,1,1
17,2020-06-23,2020,6,23
18,2020-03-08,2020,3,8
19,2021-03-04,2021,3,4
20,2022-11-15,2022,11,15
21,2023-06-28,2023,6,28
22,2020-01-21,2020,1,21
23,2022-05-12,2022,5,12
24,2021-08-02,2021,8,2
25,2020-05-15,2020,5,15
26,2023-12-23,2023,12,23
27,2022-06-21,2022,6,21
28,2021-01-03,2021,1,3
29,2023-10-03,2023,10,3
30,2019-08-18,2019,8,18
31,2019-11-03,2019,11,3
32,2023-05-18,2023,5,18
33,2023-05-24,2023,5,24
34,2020-01-17,2020,1,17
35,2021-01-07,2021,1,7
36,2019-10-14,2019,10,14
37,2021-12-19,2021,12,19
38,2022-03-12,2022,3,12
39,2021-01-17,2021,1,17
40,2021-09-15,2021,9,15
41,2020-01-27,2020,1,27
42,2022-06-24,2022,6,24
43,2021-06-09,2021,6,9
44,2020-08-23,2020,8,23
45,2022-10-12,2022,10,12
46,2021-12-01,2021,12,1
47,2020-05-04,2020,5,4
48,2023-09-09,2023,9,9
49,2019-07-19,2019,7,19
50,2024-04-05,2024,4,5
51,2019-06-15,2019,6,15
52,2022-10-29,2022,10,29
53,2022-04-08,2022,4,8
54,2023-08-17,2023,8,17
55,2023-11-05,2023,11,5
56,2023-04-09,2023,4,9
57,2022-09-21,2022,9,21
58,2021-01-21,2021,1,21
59,2020-07-10,2020,7,10
60,2019-11-06,2019,11,6
61,2024-04-07,2024,4,7
62,2022-07-06,2022,7,6
63,2022-08-03,2022,8,3
64,2020-05-08,2020,5,8
65,2019-12-09,2019,12,9
66,2019-11-21,2019,11,21
67,2023-01-07,2023,1,7
68,2024-02-06,2024,2,6
69,2020-01-30,2020,1,30
70,2022-10-24,2022,10,24
71,2022-01-09,2022,1,9
72,2023-12-28,2023,12,28
73,2021-09-16,2021,9,16
74,2023-07-24,2023,7,24
75,2021-11-13,2021,11,13
76,2023-10-11,2023,10,11
77,2021-01-30,2021,1,30
78,2021-11-21,2021,11,21
79,2024-03-02,2024,3,2
80,2020-12-04,2020,12,4
81,2020-08-26,2020,8,26
82,2023-11-12,2023,11,12
83,2020-05-30,2020,5,30
84,2023-05-12,2023,5,12
85,2022-07-07,2022,7,7
86,2020-09-24,2020,9,24
87,2023-08-19,2023,8,19
88,2023-05-16,2023,5,16
89,2022-08-22,2022,8,22
90,2022-06-17,2022,6,17
91,2022-11-05,2022,11,5
92,2021-09-10,2021,9,10
93,2022-09-06,2022,9,6
94,2021-04-17,2021,4,17
95,2019-08-19,2019,8,19
96,2024-03-24,2024,3,24
97,2022-12-10,2022,12,10
98,2022-09-14,2022,9,14
99,2022-10-18,2022,10,18
100,2022-07-08,2022,7,8
101,2023-06-25,2023,6,25
102,2019-07-09,2019,7,9
103,2021-05-14,2021,5,14
104,2024-01-15,2024,1,15
105,2019-09-30,2019,9,30
106,2021-03-05,2021,3,5
107,2023-06-08,2023,6,8
108,2022-05-13,2022,5,13
109,2023-08-25,2023,8,25
110,2019-06-02,2019,6,2
111,2021-11-19,2021,11,19
112,2019-12-02,2019,12,2
113,2020-08-21,2020,8,21
114,2021-02-12,2021,2,12
115,2024-01-13,2024,1,13
116,2021-12-26,2021,12,26
117,2021-07-03,2021,7,3
118,2020-05-31,2020,5,31
119,2020-10-26,2020,10,26
120,2021-06-03,2021,6,3
121,2020-10-24,2020,10,24
122,2019-08-27,2019,8,27
123,2021-11-30,2021,11,30
124,2023-10-15,2023,10,15
125,2024-03-17,2024,3,17
126,2019-10-13,2019,10,13
127,2020-03-02,2020,3,2
128,2019-11-05,2019,11,5
129,2021-02-07,2021,2,7
130,2021-10-25,2021,10,25
131,2022-07-24,2022,7,24
132,2020-03-04,2020,3,4
133,2021-08-01,2021,8,1
134,2020-01-24,2020,1,24
135,2021-07-30,2021,7,30
136,2024-01-04,2024,1,4
137,2024-01-05,2024,1,5
138,2020-08-11,2020,8,11
139,2022-04-02,2022,4,2
140,2020-06-03,2020,6,3
141,2019-08-16,2019,8,16
142,2024-02-22,2024,2,22
143,2021-05-06,2021,5,6
144,2021-10-27,2021,10,27
145,2020-09-01,2020,9,1
146,2021-05-26,2021,5,26
147,2022-06-22,2022,6,22
148,2023-05-17,2023,5,17
149,2021-06-23,2021,6,23
150,2023-11-17,2023,11,17
151,2020-10-11,2020,10,11
152,2021-08-10,2021,8,10
153,2023-08-29,2023,8,29
154,2020-02-27,2020,2,27
155,2021-07-07,2021,7,7
156,2022-06-03,2022,6,3
157,2020-02-20,2020,2,20
158,2021-02-05,2021,2,5
159,2023-12-06,2023,12,6
160,2021-12-21,2021,12,21
161,2023-09-03,2023,9,3
162,2020-10-18,2020,10,18
163,2023-08-28,2023,8,28
164,2019-11-17,2019,11,17
165,2020-11-22,2020,11,22
166,2022-02-13,2022,2,13
167,2019-05-16,2019,5,16
168,2021-08-04,2021,8,4
169,2020-01-03,2020,1,3
170,2022-09-13,2022,9,13
171,2020-12-19,2020,12,19
172,2023-03-31,2023,3,31
173,2023-07-31,2023,7,31
174,2023-12-16,2023,12,16
175,2020-12-05,2020,12,5
176,2021-11-11,2021,11,11
177,2019-09-11,2019,9,11
178,2020-12-15,2020,12,15
179,2022-12-08,2022,12,8
180,2021-07-15,2021,7,15
181,2022-06-16,2022,6,16
182,2024-02-09,2024,2,9
183,2024-03-04,2024,3,4
184,2022-02-11,2022,2,11
185,2022-02-08,2022,2,8
186,2023-06-15,2023,6,15
187,2021-10-11,2021,10,11
188,2021-12-12,2021,12,12
189,2023-07-09,2023,7,9
190,2020-09-08,2020,9,8
191,2020-08-31,2020,8,31
192,2024-04-10,2024,4,10
193,2022-01-25,2022,1,25
194,2023-09-12,2023,9,12
195,2020-08-05,2020,8,5
196,2022-05-07,2022,5,7
197,2024-03-03,2024,3,3
198,2020-03-14,2020,3,14
199,2024-02-07,2024,2,7
200,2019-07-21,2019,7,21
201,2023-04-14,2023,4,14
202,2024-01-17,2024,1,17
203,2019-06-25,2019,6,25
204,2021-05-20,2021,5,20
205,2020-04-03,2020,4,3
206,2021-12-02,2021,12,2
207,2021-05-28,2021,5,28
208,2020-03-23,2020,3,23
209,2022-08-06,2022,8,6
210,2024-03-09,2024,3,9
211,2022-03-15,2022,3,15
212,2020-08-08,2020,8,8
213,2019-06-09,2019,6,9
214,2019-09-07,2019,9,7
215,2021-02-14,2021,2,14
216,2019-11-10,2019,11,10
217,2023-04-16,2023,4,16
218,2020-04-25,2020,4,25
219,2021-08-21,2021,8,21
220,2021-01-14,2021,1,14
221,2020-09-12,2020,9,12
222,2020-03-27,2020,3,27
223,2019-07-26,2019,7,26
224,2023-12-07,2023,12,7
225,2021-06-11,2021,6,11
226,2020-05-25,2020,5,25
227,2023-09-25,2023,9,25
228,2020-01-12,2020,1,12
229,2022-07-29,2022,7,29
230,2023-02-20,2023,2,20
231,2021-07-14,2021,7,14
232,2024-04-17,2024,4,17
233,2021-02-04,2021,2,4
234,2021-09-02,2021,9,2
235,2022-09-10,2022,9,10
236,2022-11-25,2022,11,25
237,2023-08-04,2023,8,4
238,2020-11-20,2020,11,20
239,2019-10-23,2019,10,23
240,2020-10-17,2020,10,17
241,2022-12-27,2022,12,27
242,2023-06-16,2023,6,16
243,2023-11-06,2023,11,6
244,2023-12-26,2023,12,26
245,2023-02-10,2023,2,10
246,2023-09-21,2023,9,21
247,2020-11-25,2020,11,25
248,2022-12-24,2022,12,24
249,2019-10-05,2019,10,5
250,2022-03-13,2022,3,13
251,2020-12-02,2020,12,2
252,2024-01-08,2024,1,8
253,2023-03-23,2023,3,23
254,2020-01-20,2020,1,20
255,2024-01-23,2024,1,23
256,2022-12-20,2022,12,20
257,2020-11-23,2020,11,23
258,2020-02-10,2020,2,10
259,2019-06-04,2019,6,4
260,2023-09-24,2023,9,24
261,2021-08-16,2021,8,16
262,2020-07-06,2020,7,6
263,2022-12-07,2022,12,7
264,2023-12-29,2023,12,29
265,2023-02-16,2023,2,16
266,2023-09-20,2023,9,20
267,2020-01-11,2020,1,11
268,2022-03-30,2022,3,30
269,2020-05-11,2020,5,11
270,2022-01-20,2022,1,20
271,2019-11-13,2019,11,13
272,2021-02-03,2021,2,3
273,2022-10-03,2022,10,3
274,2023-12-24,2023,12,24
275,2023-11-18,2023,11,18
276,2024-03-12,2024,3,12
277,2023-04-12,2023,4,12
278,2021-06-16,2021,6,16
279,2021-11-24,2021,11,24
280,2022-06-26,2022,6,26
281,2020-07-21,2020,7,21
282,2019-11-04,2019,11,4
283,2021-11-01,2021,11,1
284,2022-12-19,2022,12,19
285,2020-10-06,2020,10,6
286,2022-01-16,2022,1,16
287,2023-07-06,2023,7,6
288,2021-06-12,2021,6,12
289,2022-05-17,2022,5,17
290,2020-10-02,2020,10,2
291,2021-08-20,2021,8,20
292,2023-06-22,2023,6,22
293,2020-11-19,2020,11,19
294,2022-07-05,2022,7,5
295,2019-08-29,2019,8,29
296,2024-05-02,2024,5,2
297,2020-05-26,2020,5,26
298,2024-03-20,2024,3,20
299,2024-03-27,2024,3,27
300,2021-03-22,2021,3,22
301,2020-10-03,2020,10,3
302,2022-08-12,2022,8,12
303,2020-06-20,2020,6,20
304,2023-04-20,2023,4,20
305,2019-10-28,2019,10,28
306,2021-08-31,2021,8,31
307,2022-01-21,2022,1,21
308,2019-09-16,2019,9,16
309,2023-01-20,2023,1,20
310,2020-01-04,2020,1,4
311,2019-07-06,2019,7,6
312,2022-12-01,2022,12,1
313,2020-05-10,2020,5,10
314,2024-03-10,2024,3,10
315,2020-01-14,2020,1,14
316,2020-06-07,2020,6,7
317,2020-11-11,2020,11,11
318,2021-05-07,2021,5,7
319,2021-07-13,2021,7,13
320,2024-03-25,2024,3,25
321,2020-03-25,2020,3,25
322,2023-05-14,2023,5,14
323,2022-11-19,2022,11,19
324,2021-03-10,2021,3,10
325,2020-11-15,2020,11,15
326,2024-01-28,2024,1,28
327,2020-07-07,2020,7,7
328,2023-01-22,2023,1,22
329,2021-07-09,2021,7,9
330,2020-06-11,2020,6,11
331,2020-04-21,2020,4,21
332,2019-10-06,2019,10,6
333,2020-07-11,2020,7,11
334,2022-04-03,2022,4,3
335,2022-12-16,2022,12,16
336,2022-07-20,2022,7,20
337,2021-07-25,2021,7,25
338,2023-07-19,2023,7,19
339,2023-05-22,2023,5,22
340,2020-07-08,2020,7,8
341,2019-06-21,2019,6,21
342,2021-01-01,2021,1,1
343,2022-09-07,2022,9,7
344,2022-06-09,2022,6,9
345,2023-11-01,2023,11,1
346,2023-08-06,2023,8,6
347,2022-07-30,2022,7,30
348,2021-11-26,2021,11,26
349,2020-07-02,2020,7,2
350,2021-08-09,2021,8,9
351,2024-01-18,2024,1,18
352,2023-01-17,2023,1,17
353,2023-01-10,2023,1,10
354,2019-07-14,2019,7,14
355,2020-05-18,2020,5,18
356,2022-06-15,2022,6,15
357,2020-06-16,2020,6,16
358,2019-06-06,2019,6,6
359,2022-01-18,2022,1,18
360,2021-01-11,2021,1,11
361,2022-05-30,2022,5,30
362,2021-07-20,2021,7,20
363,2022-09-05,2022,9,5
364,2022-07-27,2022,7,27
365,2024-05-03,2024,5,3
366,2019-08-28,2019,8,28
367,2024-04-21,2024,4,21
368,2019-09-29,2019,9,29
369,2022-08-19,2022,8,19
370,2021-10-18,2021,10,18
371,2023-04-07,2023,4,7
372,2020-06-29,2020,6,29
373,2023-08-10,2023,8,10
374,2022-05-16,2022,5,16
375,2020-08-25,2020,8,25
376,2023-10-04,2023,10,4
377,2022-04-28,2022,4,28
378,2019-05-29,2019,5,29
379,2020-01-07,2020,1,7
380,2023-01-24,2023,1,24
381,2019-07-28,2019,7,28
382,2022-07-18,2022,7,18
383,2020-12-07,2020,12,7
384,2020-04-10,2020,4,10
385,2023-07-12,2023,7,12
386,2021-04-15,2021,4,15
387,2020-08-20,2020,8,20
388,2020-08-14,2020,8,14
389,2021-07-17,2021,7,17
390,2023-01-27,2023,1,27
391,2020-09-04,2020,9,4
392,2020-02-08,2020,2,8
393,2019-07-01,2019,7,1
394,2024-01-01,2024,1,1
395,2019-09-19,2019,9,19
396,2023-02-24,2023,2,24
397,2019-08-30,2019,8,30
398,2019-12-21,2019,12,21
399,2019-08-31,2019,8,31
400,2023-08-11,2023,8,11
401,2021-10-29,2021,10,29
402,2020-09-18,2020,9,18
403,2021-02-24,2021,2,24
404,2023-07-07,2023,7,7
405,2023-06-26,2023,6,26
406,2021-11-12,2021,11,12
407,2021-10-23,2021,10,23
408,2019-11-30,2019,11,30
409,2023-03-19,2023,3,19
410,2022-02-02,2022,2,2
411,2021-10-28,2021,10,28
412,2021-10-07,2021,10,7
413,2021-04-29,2021,4,29
414,2019-05-12,2019,5,12
415,2021-09-12,2021,9,12
416,2021-01-25,2021,1,25
417,2022-06-20,2022,6,20
418,2020-11-16,2020,11,16
419,2020-10-09,2020,10,9
420,2023-12-12,2023,12,12
421,2022-06-14,2022,6,14
422,2023-02-23,2023,2,23
423,2024-04-25,2024,4,25
424,2022-06-08,2022,6,8
425,2022-06-11,2022,6,11
426,2024-03-19,2024,3,19
427,2024-01-11,2024,1,11
428,2021-06-26,2021,6,26
429,2024-01-19,2024,1,19
430,2021-07-10,2021,7,10
431,2020-07-25,2020,7,25
432,2019-09-17,2019,9,17
433,2019-05-14,2019,5,14
434,2019-12-23,2019,12,23
435,2024-02-08,2024,2,8
436,2023-09-23,2023,9,23
437,2020-05-14,2020,5,14
438,2020-02-11,2020,2,11
439,2021-09-13,2021,9,13
440,2020-12-29,2020,12,29
441,2021-12-13,2021,12,13
442,2020-03-16,2020,3,16
443,2020-10-20,2020,10,20
444,2022-11-21,2022,11,21
445,2020-08-24,2020,8,24
446,2022-02-12,2022,2,12
447,2023-08-15,2023,8,15
448,2023-01-13,2023,1,13
449,2020-04-28,2020,4,28
450,2022-10-21,2022,10,21
451,2022-12-15,2022,12,15
452,2019-11-18,2019,11,18
453,2020-08-01,2020,8,1
454,2020-03-17,2020,3,17
455,2022-08-15,2022,8,15
456,2023-05-15,2023,5,15
457,2019-06-27,2019,6,27
458,2023-10-29,2023,10,29
459,2024-01-09,2024,1,9
460,2019-10-25,2019,10,25
461,2021-12-14,2021,12,14
462,2023-05-30,2023,5,30
463,2019-08-26,2019,8,26
464,2019-11-16,2019,11,16
465,2022-04-23,2022,4,23
466,2022-10-19,2022,10,19
467,2022-02-05,2022,2,5
468,2019-08-01,2019,8,1
469,2021-06-19,2021,6,19
470,2020-06-28,2020,6,28
471,2022-07-17,2022,7,17
472,2021-05-22,2021,5,22
473,2022-08-16,2022,8,16
474,2021-03-31,2021,3,31
475,2021-09-06,2021,9,6
476,2023-08-26,2023,8,26
477,2019-11-27,2019,11,27
478,2023-03-07,2023,3,7
479,2020-04-12,2020,4,12
480,2024-04-26,2024,4,26
481,2023-06-29,2023,6,29
482,2022-06-05,2022,6,5
483,2021-11-06,2021,11,6
484,2021-07-21,2021,7,21
485,2019-11-23,2019,11,23
486,2019-05-30,2019,5,30
487,2024-03-23,2024,3,23
488,2019-06-23,2019,6,23
489,2022-01-30,2022,1,30
490,2022-11-12,2022,11,12
491,2020-12-22,2020,12,22
492,2022-05-22,2022,5,22
493,2021-03-27,2021,3,27
494,2022-07-15,2022,7,15
495,2022-06-06,2022,6,6
496,2020-05-23,2020,5,23
497,2022-07-25,2022,7,25
498,2021-04-01,2021,4,1
499,2020-07-20,2020,7,20
500,2020-02-28,2020,2,28
501,2023-08-30,2023,8,30
502,2020-07-27,2020,7,27
503,2021-03-28,2021,3,28
504,2022-05-08,2022,5,8
505,2023-10-31,2023,10,31
506,2021-12-09,2021,12,9
507,2024-01-10,2024,1,10
508,2022-01-05,2022,1,5
509,2022-11-17,2022,11,17
510,2020-04-20,2020,4,20
511,2022-04-06,2022,4,6
512,2020-03-07,2020,3,7
513,2022-07-02,2022,7,2
514,2019-06-18,2019,6,18
515,2022-01-06,2022,1,6
516,2022-12-09,2022,12,9
517,2020-06-14,2020,6,14
518,2021-03-12,2021,3,12
519,2019-12-08,2019,12,8
520,2023-06-19,2023,6,19
521,2019-05-10,2019,5,10
522,2019-10-27,2019,10,27
523,2022-08-27,2022,8,27
524,2019-08-08,2019,8,8
525,2023-02-12,2023,2,12
526,2021-05-04,2021,5,4
527,2021-07-11,2021,7,11
528,2021-02-10,2021,2,10
529,2021-10-16,2021,10,16
530,2019-10-03,2019,10,3
531,2020-04-26,2020,4,26
532,2019-09-13,2019,9,13
533,2023-10-14,2023,10,14
534,2023-12-05,2023,12,5
535,2021-02-01,2021,2,1
536,2022-06-30,2022,6,30
537,2023-11-09,2023,11,9
538,2020-07-30,2020,7,30
539,2022-04-10,2022,4,10
540,2020-01-02,2020,1,2
541,2023-11-10,2023,11,10
542,2022-07-16,2022,7,16
543,2020-04-30,2020,4,30
544,2021-01-12,2021,1,12
545,2019-05-23,2019,5,23
546,2023-04-23,2023,4,23
547,2020-10-25,2020,10,25
548,2021-04-08,2021,4,8
549,2020-09-09,2020,9,9
550,2019-12-06,2019,12,6
551,2019-07-04,2019,7,4
552,2019-05-26,2019,5,26
553,2020-09-03,2020,9,3
554,2019-12-20,2019,12,20
555,2020-05-19,2020,5,19
556,2024-02-20,2024,2,20
557,2023-08-31,2023,8,31
558,2023-01-19,2023,1,19
559,2023-11-20,2023,11,20
560,2021-07-28,2021,7,28
561,2023-04-04,2023,4,4
562,2020-01-28,2020,1,28
563,2020-03-18,2020,3,18
564,2020-06-18,2020,6,18
565,2023-07-15,2023,7,15
566,2023-10-02,2023,10,2
567,2021-01-13,2021,1,13
568,2019-10-22,2019,10,22
569,2019-08-09,2019,8,9
570,2023-12-30,2023,12,30
571,2022-07-11,2022,7,11
572,2020-09-19,2020,9,19
573,2019-09-06,2019,9,6
574,2019-11-22,2019,11,22
575,2020-07-22,2020,7,22
576,2022-03-01,2022,3,1
577,2023-03-01,2023,3,1
578,2021-04-22,2021,4,22
579,2020-09-23,2020,9,23
580,2023-01-08,2023,1,8
581,2022-08-17,2022,8,17
582,2021-06-15,2021,6,15
583,2024-03-01,2024,3,1
584,2023-12-11,2023,12,11
585,2022-05-04,2022,5,4
586,2021-09-21,2021,9,21
587,2020-03-20,2020,3,20
588,2024-03-29,2024,3,29
589,2022-03-21,2022,3,21
590,2020-07-23,2020,7,23
591,2020-03-15,2020,3,15
592,2021-05-10,2021,5,10
593,2023-07-13,2023,7,13
594,2023-07-20,2023,7,20
595,2020-02-14,2020,2,14
596,2023-05-28,2023,5,28
597,2022-06-12,2022,6,12
598,2024-02-26,2024,2,26
599,2021-11-07,2021,11,7
600,2020-02-03,2020,2,3
601,2019-07-05,2019,7,5
602,2019-08-15,2019,8,15
603,2023-04-06,2023,4,6
604,2019-10-08,2019,10,8
605,2020-08-10,2020,8,10
606,2019-09-26,2019,9,26
607,2021-02-11,2021,2,11
608,2019-09-05,2019,9,5
609,2021-03-01,2021,3,1
610,2024-04-19,2024,4,19
611,2023-04-27,2023,4,27
612,2020-10-31,2020,10,31
613,2023-09-08,2023,9,8
614,2022-11-20,2022,11,20
615,2020-07-04,2020,7,4
616,2023-06-24,2023,6,24
617,2023-03-16,2023,3,16
618,2021-04-10,2021,4,10
619,2023-09-19,2023,9,19
620,2024-01-27,2024,1,27
621,2020-04-16,2020,4,16
622,2019-08-23,2019,8,23
623,2021-07-01,2021,7,1
624,2022-08-21,2022,8,21
625,2020-08-06,2020,8,6
626,2022-07-22,2022,7,22
627,2023-09-29,2023,9,29
628,2020-06-22,2020,6,22
629,2019-10-26,2019,10,26
630,2024-02-21,2024,2,21
631,2022-12-13,2022,12,13
632,2022-11-16,2022,11,16
633,2019-06-19,2019,6,19
634,2023-01-29,2023,1,29
635,2023-11-30,2023,11,30
636,2021-03-26,2021,3,26
637,2024-01-03,2024,1,3
638,2022-12-03,2022,12,3
639,2021-09-25,2021,9,25
640,2022-08-01,2022,8,1
641,2020-10-16,2020,10,16
642,2024-04-29,2024,4,29
643,2022-09-12,2022,9,12
644,2019-06-30,2019,6,30
645,2020-01-23,2020,1,23
646,2023-01-30,2023,1,30
647,2019-08-24,2019,8,24
648,2024-02-05,2024,2,5
649,2021-08-30,2021,8,30
650,2022-01-07,2022,1,7
651,2020-02-29,2020,2,29
652,2019-08-06,2019,8,6
653,2021-12-06,2021,12,6
654,2019-12-27,2019,12,27
655,2022-06-04,2022,6,4
656,2023-01-18,2023,1,18
657,2023-07-25,2023,7,25
658,2020-07-17,2020,7,17
659,2023-02-03,2023,2,3
660,2021-11-27,2021,11,27
661,2020-08-18,2020,8,18
662,2024-02-17,2024,2,17
663,2021-12-17,2021,12,17
664,2022-09-20,2022,9,20
665,2021-10-12,2021,10,12
666,2023-08-08,2023,8,8
667,2019-11-15,2019,11,15
668,2022-11-08,2022,11,8
669,2020-02-24,2020,2,24
670,2022-05-28,2022,5,28
671,2022-09-03,2022,9,3
672,2020-04-07,2020,4,7
673,2019-08-25,2019,8,25
674,2024-02-25,2024,2,25
675,2019-09-08,2019,9,8
676,2023-05-25,2023,5,25
677,2023-07-11,2023,7,11
678,2021-11-05,2021,11,5
679,2023-08-27,2023,8,27
680,2022-05-26,2022,5,26
681,2022-09-26,2022,9,26
682,2019-12-26,2019,12,26
683,2021-01-18,2021,1,18
684,2021-02-23,2021,2,23
685,2019-09-22,2019,9,22
686,2020-05-12,2020,5,12
687,2022-08-29,2022,8,29
688,2019-11-01,2019,11,1
689,2021-02-28,2021,2,28
690,2020-09-07,2020,9,7
691,2024-02-16,2024,2,16
692,2021-01-16,2021,1,16
693,2023-01-31,2023,1,31
694,2022-04-27,2022,4,27
695,2020-06-06,2020,6,6
696,2019-11-02,2019,11,2
697,2021-01-10,2021,1,10
698,2021-02-17,2021,2,17
699,2023-06-04,2023,6,4
700,2023-09-07,2023,9,7
701,2022-09-29,2022,9,29
702,2022-02-03,2022,2,3
703,2024-02-14,2024,2,14
704,2020-09-10,2020,9,10
705,2021-10-01,2021,10,1
706,2021-06-05,2021,6,5
707,2023-08-09,2023,8,9
708,2021-05-05,2021,5,5
709,2024-04-20,2024,4,20
710,2022-06-13,2022,6,13
711,2023-09-01,2023,9,1
712,2019-12-19,2019,12,19
713,2020-12-06,2020,12,6
714,2019-05-13,2019,5,13
715,2022-07-28,2022,7,28
716,2022-10-15,2022,10,15
717,2021-02-13,2021,2,13
718,2023-05-31,2023,5,31
719,2020-01-18,2020,1,18
720,2020-08-19,2020,8,19
721,2020-09-05,2020,9,5
722,2021-04-26,2021,4,26
723,2024-01-20,2024,1,20
724,2020-12-27,2020,12,27
725,2021-09-22,2021,9,22
726,2023-05-01,2023,5,1
727,2021-02-22,2021,2,22
728,2022-03-10,2022,3,10
729,2022-10-23,2022,10,23
730,2024-03-13,2024,3,13
731,2020-09-15,2020,9,15
732,2019-10-31,2019,10,31
733,2021-08-27,2021,8,27
734,2019-09-23,2019,9,23
735,2022-05-21,2022,5,21
736,2019-12-29,2019,12,29
737,2020-08-07,2020,8,7
738,2022-03-19,2022,3,19
739,2019-11-29,2019,11,29
740,2019-07-17,2019,7,17
741,2020-05-27,2020,5,27
742,2021-04-06,2021,4,6
743,2019-05-19,2019,5,19
744,2022-07-23,2022,7,23
745,2023-01-28,2023,1,28
746,2023-09-11,2023,9,11
747,2020-03-11,2020,3,11
748,2021-03-07,2021,3,7
749,2024-04-03,2024,4,3
750,2022-12-25,2022,12,25
751,2020-04-01,2020,4,1
752,2023-10-20,2023,10,20
753,2020-07-15,2020,7,15
754,2023-01-14,2023,1,14
755,2020-05-16,2020,5,16
756,2021-03-11,2021,3,11
757,2023-02-05,2023,2,5
758,2021-10-19,2021,10,19
759,2020-03-05,2020,3,5
760,2022-09-16,2022,9,16
761,2020-12-30,2020,12,30
762,2020-08-09,2020,8,9
763,2021-03-15,2021,3,15
764,2021-08-23,2021,8,23
765,2023-11-11,2023,11,11
766,2023-12-31,2023,12,31
767,2019-09-21,2019,9,21
768,2022-11-04,2022,11,4
769,2023-10-05,2023,10,5
770,2020-08-28,2020,8,28
771,2023-10-06,2023,10,6
772,2023-07-01,2023,7,1
773,2021-08-07,2021,8,7
774,2020-05-13,2020,5,13
775,2023-09-26,2023,9,26
776,2023-06-14,2023,6,14
777,2024-05-05,2024,5,5
778,2023-04-03,2023,4,3
779,2021-10-24,2021,10,24
780,2019-11-14,2019,11,14
781,2022-04-17,2022,4,17
782,2022-04-15,2022,4,15
783,2021-03-13,2021,3,13
784,2021-12-18,2021,12,18
785,2024-01-06,2024,1,6
786,2022-01-31,2022,1,31
787,2021-10-04,2021,10,4
788,2023-05-10,2023,5,10
789,2020-03-22,2020,3,22
790,2021-01-19,2021,1,19
791,2023-03-26,2023,3,26
792,2022-09-28,2022,9,28
793,2019-10-20,2019,10,20
794,2020-03-19,2020,3,19
795,2021-06-28,2021,6,28
796,2022-10-08,2022,10,8
797,2021-10-05,2021,10,5
798,2023-02-15,2023,2,15
799,2021-01-24,2021,1,24
800,2022-01-22,2022,1,22
801,2023-03-02,2023,3,2
802,2022-02-09,2022,2,9
803,2023-10-26,2023,10,26
804,2022-05-25,2022,5,25
805,2019-07-31,2019,7,31
806,2022-02-27,2022,2,27
807,2021-05-15,2021,5,15
808,2023-07-27,2023,7,27
809,2021-05-17,2021,5,17
810,2022-03-22,2022,3,22
811,2021-03-17,2021,3,17
812,2019-06-13,2019,6,13
813,2020-05-03,2020,5,3
814,2022-11-29,2022,11,29
815,2021-09-08,2021,9,8
816,2020-05-24,2020,5,24
817,2020-01-05,2020,1,5
818,2023-05-20,2023,5,20
819,2023-10-16,2023,10,16
820,2022-08-28,2022,8,28
821,2023-11-15,2023,11,15
822,2023-03-25,2023,3,25
823,2020-06-27,2020,6,27
824,2022-01-08,2022,1,8
825,2019-09-01,2019,9,1
826,2020-02-17,2020,2,17
827,2021-04-05,2021,4,5
828,2023-07-14,2023,7,14
829,2021-01-06,2021,1,6
830,2023-05-05,2023,5,5
831,2019-10-09,2019,10,9
832,2022-05-06,2022,5,6
833,2019-07-08,2019,7,8
834,2022-09-08,2022,9,8
835,2022-08-14,2022,8,14
836,2023-05-09,2023,5,9
837,2021-09-30,2021,9,30
838,2021-04-18,2021,4,18
839,2024-02-13,2024,2,13
840,2020-10-05,2020,10,5
841,2022-10-16,2022,10,16
842,2023-12-13,2023,12,13
843,2023-11-19,2023,11,19
844,2022-10-01,2022,10,1
845,2019-05-24,2019,5,24
846,2021-05-31,2021,5,31
847,2019-07-02,2019,7,2
848,2019-06-26,2019,6,26
849,2023-02-19,2023,2,19
850,2023-02-06,2023,2,6
851,2020-12-17,2020,12,17
852,2022-01-10,2022,1,10
853,2019-08-05,2019,8,5
854,2023-03-15,2023,3,15
855,2024-01-24,2024,1,24
856,2021-01-02,2021,1,2
857,2019-07-12,2019,7,12
858,2019-09-27,2019,9,27
859,2022-04-22,2022,4,22
860,2021-12-15,2021,12,15
861,2021-12-23,2021,12,23
862,2022-03-05,2022,3,5
863,2023-11-22,2023,11,22
864,2021-01-08,2021,1,8
865,2019-08-10,2019,8,10
866,2021-06-25,2021,6,25
867,2020-01-26,2020,1,26
868,2022-11-01,2022,11,1
869,2022-10-11,2022,10,11
870,2020-09-13,2020,9,13
871,2023-12-21,2023,12,21
872,2023-04-26,2023,4,26
873,2020-02-06,2020,2,6
874,2022-04-30,2022,4,30
875,2020-04-09,2020,4,9
876,2019-12-28,2019,12,28
877,2023-09-05,2023,9,5
878,2019-05-21,2019,5,21
879,2023-06-17,2023,6,17
880,2022-01-28,2022,1,28
881,2022-07-31,2022,7,31
882,2019-12-04,2019,12,4
883,2023-07-22,2023,7,22
884,2021-12-05,2021,12,5
885,2021-12-03,2021,12,3
886,2023-07-30,2023,7,30
887,2021-02-25,2021,2,25
888,2023-01-21,2023,1,21
889,2020-03-29,2020,3,29
890,2019-05-20,2019,5,20
891,2020-05-17,2020,5,17
892,2019-10-12,2019,10,12
893,2022-03-11,2022,3,11
894,2021-11-03,2021,11,3
895,2020-08-30,2020,8,30
896,2020-05-06,2020,5,6
897,2020-11-08,2020,11,8
898,2019-09-09,2019,9,9
899,2021-05-01,2021,5,1
900,2023-06-27,2023,6,27
901,2023-10-22,2023,10,22
902,2021-06-30,2021,6,30
903,2022-05-19,2022,5,19
904,2022-10-30,2022,10,30
905,2019-11-12,2019,11,12
906,2019-10-17,2019,10,17
907,2019-05-09,2019,5,9
908,2019-05-22,2019,5,22
909,2019-09-15,2019,9,15
910,2022-06-01,2022,6,1
911,2023-03-03,2023,3,3
912,2020-01-16,2020,1,16
913,2024-03-15,2024,3,15
914,2020-03-01,2020,3,1
915,2023-06-20,2023,6,20
916,2020-01-09,2020,1,9
917,2024-01-29,2024,1,29
918,2021-10-14,2021,10,14
919,2021-08-24,2021,8,24
920,2022-10-04,2022,10,4
921,2019-06-24,2019,6,24
922,2023-04-30,2023,4,30
923,2024-04-09,2024,4,9
924,2023-01-06,2023,1,6
925,2022-02-25,2022,2,25
926,2019-06-14,2019,6,14
927,2023-11-07,2023,11,7
928,2020-07-14,2020,7,14
929,2020-10-23,2020,10,23
930,2020-06-17,2020,6,17
931,2023-02-26,2023,2,26
932,2021-02-08,2021,2,8
933,2023-06-02,2023,6,2
934,2023-02-01,2023,2,1
935,2022-10-06,2022,10,6
936,2024-04-30,2024,4,30
937,2019-06-16,2019,6,16
938,2020-08-12,2020,8,12
939,2023-10-23,2023,10,23
940,2022-07-04,2022,7,4
941,2022-03-31,2022,3,31
942,2020-03-03,2020,3,3
943,2021-08-17,2021,8,17
944,2021-07-08,2021,7,8
945,2019-10-10,2019,10,10
946,2020-03-09,2020,3,9
947,2023-10-10,2023,10,10
948,2023-07-04,2023,7,4
949,2021-06-14,2021,6,14
950,2021-02-09,2021,2,9
951,2023-11-16,2023,11,16
952,2021-03-21,2021,3,21
953,2024-02-01,2024,2,1
954,2019-12-05,2019,12,5
955,2021-11-22,2021,11,22
956,2023-07-29,2023,7,29
957,2020-10-27,2020,10,27
958,2023-06-23,2023,6,23
959,2021-10-21,2021,10,21
960,2022-09-27,2022,9,27
961,2020-11-12,2020,11,12
962,2023-10-30,2023,10,30
963,2022-04-13,2022,4,13
964,2024-03-18,2024,3,18
965,2019-09-03,2019,9,3
966,2023-02-09,2023,2,9
967,2019-12-15,2019,12,15
968,2023-03-04,2023,3,4
969,2023-11-28,2023,11,28
970,2022-02-01,2022,2,1
971,2024-02-29,2024,2,29
972,2024-02-18,2024,2,18
973,2023-07-02,2023,7,2
974,2021-04-16,2021,4,16
975,2021-07-23,2021,7,23
976,2021-03-24,2021,3,24
977,2021-01-20,2021,1,20
978,2023-08-12,2023,8,12
979,2021-10-31,2021,10,31
980,2021-09-14,2021,9,14
981,2023-08-07,2023,8,7
982,2020-07-13,2020,7,13
983,2022-05-11,2022,5,11
984,2023-11-23,2023,11,23
985,2020-04-06,2020,4,6
986,2022-04-05,2022,4,5
987,2022-08-26,2022,8,26
988,2022-01-13,2022,1,13
989,2022-04-29,2022,4,29
990,2020-04-05,2020,4,5
991,2021-03-19,2021,3,19
992,2023-10-07,2023,10,7
993,2023-10-24,2023,10,24
994,2022-12-28,2022,12,28
995,2022-02-07,2022,2,7
996,2020-06-12,2020,6,12
997,2022-01-11,2022,1,11
998,2022-11-13,2022,11,13
999,2020-06-19,2020,6,19
1000,2023-12-17,2023,12,17
1001,2022-08-05,2022,8,5
1002,2020-09-28,2020,9,28
1003,2020-09-16,2020,9,16
1004,2022-06-02,2022,6,2
1005,2021-03-23,2021,3,23
1006,2019-06-01,2019,6,1
1007,2022-09-15,2022,9,15
1008,2019-07-27,2019,7,27
1009,2024-04-22,2024,4,22
1010,2022-10-17,2022,10,17
1011,2020-08-04,2020,8,4
1012,2022-12-26,2022,12,26
1013,2021-11-29,2021,11,29
1014,2021-03-16,2021,3,16
1015,2023-02-14,2023,2,14
1016,2022-05-31,2022,5,31
1017,2021-11-16,2021,11,16
1018,2022-10-26,2022,10,26
1019,2020-10-30,2020,10,30
1020,2023-05-03,2023,5,3
1021,2020-12-18,2020,12,18
1022,2024-03-05,2024,3,5
1023,2021-12-10,2021,12,10
1024,2019-07-13,2019,7,13
1025,2022-03-04,2022,3,4
1026,2020-06-04,2020,6,4
1027,2019-10-21,2019,10,21
1028,2021-06-04,2021,6,4
1029,2020-11-30,2020,11,30
1030,2023-10-08,2023,10,8
1031,2022-07-19,2022,7,19
1032,2020-07-12,2020,7,12
1033,2023-11-13,2023,11,13
1034,2020-04-14,2020,4,14
1035,2019-06-08,2019,6,8
1036,2023-07-23,2023,7,23
1037,2021-08-12,2021,8,12
1038,2021-12-07,2021,12,7
1039,2020-10-22,2020,10,22
1040,2020-01-13,2020,1,13
1041,2023-04-21,2023,4,21
1042,2019-10-16,2019,10,16
1043,2019-10-30,2019,10,30
1044,2022-03-20,2022,3,20
1045,2021-12-29,2021,12,29
1046,2022-09-18,2022,9,18
1047,2019-05-18,2019,5,18
1048,2021-11-10,2021,11,10
1049,2022-11-07,2022,11,7
1050,2023-02-28,2023,2,28
1051,2024-04-18,2024,4,18
1052,2021-01-26,2021,1,26
1053,2022-12-02,2022,12,2
1054,2020-12-16,2020,12,16
1055,2021-08-19,2021,8,19
1056,2020-10-10,2020,10,10
1057,2022-08-08,2022,8,8
1058,2022-07-10,2022,7,10
1059,2020-03-30,2020,3,30
1060,2023-09-27,2023,9,27
1061,2022-03-27,2022,3,27
1062,2024-02-27,2024,2,27
1063,2023-03-22,2023,3,22
1064,2023-10-28,2023,10,28
1065,2024-04-06,2024,4,6
1066,2021-07-26,2021,7,26
1067,2020-10-15,2020,10,15
1068,2024-01-07,2024,1,7
1069,2020-06-02,2020,6,2
1070,2023-09-04,2023,9,4
1071,2023-01-15,2023,1,15
1072,2022-10-09,2022,10,9
1073,2020-09-22,2020,9,22
1074,2023-04-11,2023,4,11
1075,2021-05-08,2021,5,8
1076,2019-12-16,2019,12,16
1077,2023-12-27,2023,12,27
1078,2022-02-28,2022,2,28
1079,2022-04-21,2022,4,21
1080,2023-01-23,2023,1,23
1081,2019-11-08,2019,11,8
1082,2020-12-23,2020,12,23
1083,2021-01-27,2021,1,27
1084,2021-04-28,2021,4,28
1085,2022-07-01,2022,7,1
1086,2023-12-15,2023,12,15
1087,2023-02-02,2023,2,2
1088,2022-10-28,2022,10,28
1089,2023-07-17,2023,7,17
1090,2020-05-29,2020,5,29
1091,2019-11-28,2019,11,28
1092,2024-01-30,2024,1,30
1093,2023-01-02,2023,1,2
1094,2022-09-01,2022,9,1
1095,2022-03-26,2022,3,26
1096,2021-10-10,2021,10,10
1097,2021-05-13,2021,5,13
1098,2021-11-08,2021,11,8
1099,2023-08-24,2023,8,24
1100,2022-05-10,2022,5,10
1101,2022-03-28,2022,3,28
1102,2019-05-08,2019,5,8
1103,2019-10-18,2019,10,18
1104,2020-07-24,2020,7,24
1105,2022-06-29,2022,6,29
1106,2021-09-05,2021,9,5
1107,2023-02-25,2023,2,25
1108,2021-09-04,2021,9,4
1109,2019-08-03,2019,8,3
1110,2020-11-06,2020,11,6
1111,2020-10-01,2020,10,1
1112,2022-12-04,2022,12,4
1113,2023-06-09,2023,6,9
1114,2020-07-31,2020,7,31
1115,2021-11-09,2021,11,9
1116,2021-05-09,2021,5,9
1117,2022-04-16,2022,4,16
1118,2020-12-08,2020,12,8
1119,2021-03-20,2021,3,20
1120,2019-06-10,2019,6,10
1121,2021-10-20,2021,10,20
1122,2023-07-16,2023,7,16
1123,2021-02-21,2021,2,21
1124,2022-01-23,2022,1,23
1125,2022-11-02,2022,11,2
1126,2024-03-31,2024,3,31
1127,2024-04-01,2024,4,1
1128,2022-11-06,2022,11,6
1129,2023-06-03,2023,6,3
1130,2022-07-13,2022,7,13
1131,2019-06-03,2019,6,3
1132,2019-06-11,2019,6,11
1133,2024-01-14,2024,1,14
1134,2022-08-09,2022,8,9
1135,2021-09-19,2021,9,19
1136,2023-05-27,2023,5,27
1137,2022-03-08,2022,3,8
1138,2024-03-21,2024,3,21
1139,2024-03-14,2024,3,14
1140,2020-04-17,2020,4,17
1141,2023-12-18,2023,12,18
1142,2022-10-13,2022,10,13
1143,2020-09-17,2020,9,17
1144,2023-05-08,2023,5,8
1145,2022-11-03,2022,11,3
1146,2022-12-18,2022,12,18
1147,2019-07-10,2019,7,10
1148,2023-01-26,2023,1,26
1149,2021-03-08,2021,3,8
1150,2021-01-23,2021,1,23
1151,2024-02-12,2024,2,12
1152,2021-04-14,2021,4,14
1153,2020-10-14,2020,10,14
1154,2023-06-12,2023,6,12
1155,2023-02-04,2023,2,4
1156,2024-03-22,2024,3,22
1157,2021-12-20,2021,12,20
1158,2020-03-21,2020,3,21
1159,2024-01-22,2024,1,22
1160,2019-06-05,2019,6,5
1161,2024-04-08,2024,4,8
1162,2023-04-28,2023,4,28
1163,2022-04-24,2022,4,24
1164,2021-11-02,2021,11,2
1165,2019-05-11,2019,5,11
1166,2023-10-21,2023,10,21
1167,2020-10-08,2020,10,8
1168,2022-08-10,2022,8,10
1169,2020-06-01,2020,6,1
1170,2023-12-25,2023,12,25
1171,2021-12-08,2021,12,8
1172,2020-03-13,2020,3,13
1173,2020-08-02,2020,8,2
1174,2023-10-01,2023,10,1
1175,2022-08-11,2022,8,11
1176,2022-01-15,2022,1,15
1177,2022-03-29,2022,3,29
1178,2022-12-30,2022,12,30
1179,2021-10-13,2021,10,13
1180,2021-06-21,2021,6,21
1181,2023-01-05,2023,1,5
1182,2020-11-04,2020,11,4
1183,2023-06-13,2023,6,13
1184,2019-10-19,2019,10,19
1185,2021-07-27,2021,7,27
1186,2021-05-03,2021,5,3
1187,2023-06-10,2023,6,10
1188,2019-08-12,2019,8,12
1189,2020-05-05,2020,5,5
1190,2021-11-18,2021,11,18
1191,2023-03-20,2023,3,20
1192,2022-09-24,2022,9,24
1193,2023-10-17,2023,10,17
1194,2021-12-22,2021,12,22
1195,2020-10-04,2020,10,4
1196,2023-12-19,2023,12,19
1197,2022-05-29,2022,5,29
1198,2021-10-30,2021,10,30
1199,2020-06-05,2020,6,5
1200,2023-10-13,2023,10,13
1201,2020-08-29,2020,8,29
1202,2022-05-01,2022,5,1
1203,2022-04-12,2022,4,12
1204,2021-12-24,2021,12,24
1205,2021-07-18,2021,7,18
1206,2020-03-31,2020,3,31
1207,2023-08-21,2023,8,21
1208,2024-04-15,2024,4,15
1209,2023-08-22,2023,8,22
1210,2023-03-09,2023,3,9
1211,2022-09-25,2022,9,25
1212,2024-02-24,2024,2,24
1213,2023-01-25,2023,1,25
1214,2020-06-25,2020,6,25
1215,2024-03-16,2024,3,16
1216,2020-12-11,2020,12,11
1217,2023-02-11,2023,2,11
1218,2022-04-18,2022,4,18
1219,2021-12-11,2021,12,11
1220,2020-08-03,2020,8,3
1221,2020-01-19,2020,1,19
1222,2020-12-25,2020,12,25
1223,2022-04-25,2022,4,25
1224,2022-12-29,2022,12,29
1225,2021-02-27,2021,2,27
1226,2021-08-06,2021,8,6
1227,2023-06-11,2023,6,11
1228,2021-05-11,2021,5,11
1229,2023-04-17,2023,4,17
1230,2021-04-23,2021,4,23
1231,2021-08-25,2021,8,25
1232,2021-05-19,2021,5,19
1233,2021-10-03,2021,10,3
1234,2022-05-27,2022,5,27
1235,2021-04-21,2021,4,21
1236,2023-09-30,2023,9,30
1237,2022-03-24,2022,3,24
1238,2019-07-20,2019,7,20
1239,2021-04-04,2021,4,4
1240,2020-04-04,2020,4,4
1241,2021-09-17,2021,9,17
1242,2023-01-03,2023,1,3
1243,2022-10-31,2022,10,31
1244,2019-12-22,2019,12,22
1245,2022-04-04,2022,4,4
1246,2023-06-05,2023,6,5
1247,2023-11-27,2023,11,27
1248,2021-07-05,2021,7,5
1249,2023-09-16,2023,9,16
1250,2019-09-02,2019,9,2
1251,2021-03-25,2021,3,25
1252,2021-09-23,2021,9,23
1253,2021-04-02,2021,4,2
1254,2022-01-03,2022,1,3
1255,2020-02-19,2020,2,19
1256,2021-08-15,2021,8,15
1257,2022-08-23,2022,8,23
1258,2024-04-12,2024,4,12
1259,2022-01-24,2022,1,24
1260,2020-12-01,2020,12,1
1261,2022-08-13,2022,8,13
1262,2019-06-17,2019,6,17
1263,2020-12-03,2020,12,3
1264,2020-03-28,2020,3,28
1265,2021-05-30,2021,5,30
1266,2020-09-02,2020,9,2
1267,2023-08-14,2023,8,14
1268,2020-06-26,2020,6,26
1269,2021-06-13,2021,6,13
1270,2020-07-03,2020,7,3
1271,2022-10-14,2022,10,14
1272,2021-08-03,2021,8,3
1273,2021-12-30,2021,12,30
1274,2022-06-25,2022,6,25
1275,2019-11-11,2019,11,11
1276,2021-01-09,2021,1,9
1277,2021-11-17,2021,11,17
1278,2024-03-11,2024,3,11
1279,2023-06-18,2023,6,18
1280,2023-06-30,2023,6,30
1281,2021-06-10,2021,6,10
1282,2023-06-07,2023,6,7
1283,2022-08-30,2022,8,30
1284,2019-12-10,2019,12,10
1285,2020-05-20,2020,5,20
1286,2021-07-04,2021,7,4
1287,2023-01-12,2023,1,12
1288,2022-06-18,2022,6,18
1289,2023-05-02,2023,5,2
1290,2020-02-13,2020,2,13
1291,2020-04-13,2020,4,13
1292,2022-10-27,2022,10,27
1293,2021-05-16,2021,5,16
1294,2022-02-14,2022,2,14
1295,2020-09-20,2020,9,20
1296,2023-03-24,2023,3,24
1297,2022-11-28,2022,11,28
1298,2021-07-06,2021,7,6
1299,2023-11-08,2023,11,8
1300,2024-03-06,2024,3,6
1301,2019-09-20,2019,9,20
1302,2022-01-26,2022,1,26
1303,2020-02-15,2020,2,15
1304,2023-03-06,2023,3,6
1305,2019-05-17,2019,5,17
1306,2020-06-13,2020,6,13
1307,2019-12-31,2019,12,31
1308,2023-11-21,2023,11,21
1309,2023-03-21,2023,3,21
1310,2019-12-17,2019,12,17
1311,2024-04-24,2024,4,24
1312,2022-02-19,2022,2,19
1313,2022-04-14,2022,4,14
1314,2021-08-26,2021,8,26
1315,2021-10-06,2021,10,6
1316,2022-10-05,2022,10,5
1317,2021-01-05,2021,1,5
1318,2023-12-01,2023,12,1
1319,2020-08-13,2020,8,13
1320,2021-07-16,2021,7,16
1321,2021-04-27,2021,4,27
1322,2020-03-10,2020,3,10
1323,2023-07-05,2023,7,5
1324,2022-09-04,2022,9,4
1325,2019-08-02,2019,8,2
1326,2021-06-02,2021,6,2
1327,2020-12-09,2020,12,9
1328,2019-08-21,2019,8,21
1329,2022-12-22,2022,12,22
1330,2022-02-15,2022,2,15
1331,2019-09-24,2019,9,24
1332,2023-05-29,2023,5,29
1333,2021-10-15,2021,10,15
1334,2022-05-18,2022,5,18
1335,2023-09-14,2023,9,14
1336,2021-07-24,2021,7,24
1337,2024-02-02,2024,2,2
1338,2023-05-21,2023,5,21
1339,2019-08-11,2019,8,11
1340,2022-08-20,2022,8,20
1341,2023-07-18,2023,7,18
1342,2021-08-08,2021,8,8
1343,2022-07-21,2022,7,21
1344,2020-11-29,2020,11,29
1345,2022-12-31,2022,12,31
1346,2021-03-09,2021,3,9
1347,2019-05-15,2019,5,15
1348,2024-02-10,2024,2,10
1349,2022-09-17,2022,9,17
1350,2022-03-06,2022,3,6
1351,2019-06-07,2019,6,7
1352,2022-08-07,2022,8,7
1353,2022-05-14,2022,5,14
1354,2021-05-29,2021,5,29
1355,2023-07-28,2023,7,28
1356,2022-03-16,2022,3,16
1357,2021-06-18,2021,6,18
1358,2020-06-09,2020,6,9
1359,2024-01-16,2024,1,16
1360,2024-03-28,2024,3,28
1361,2020-09-30,2020,9,30
1362,2020-08-16,2020,8,16
1363,2020-11-05,2020,11,5
1364,2022-11-11,2022,11,11
1365,2020-04-22,2020,4,22
1366,2019-12-30,2019,12,30
1367,2022-08-31,2022,8,31
1368,2019-08-14,2019,8,14
1369,2022-01-19,2022,1,19
1370,2024-05-01,2024,5,1
1371,2023-03-08,2023,3,8
1372,2023-09-06,2023,9,6
1373,2023-03-30,2023,3,30
1374,2023-02-07,2023,2,7
1375,2022-02-22,2022,2,22
1376,2022-04-19,2022,4,19
1377,2022-05-24,2022,5,24
1378,2019-06-12,2019,6,12
1379,2020-07-19,2020,7,19
1380,2019-11-09,2019,11,9
1381,2023-07-10,2023,7,10
1382,2020-02-18,2020,2,18
1383,2019-05-28,2019,5,28
1384,2020-01-15,2020,1,15
1385,2023-02-08,2023,2,8
1386,2021-01-22,2021,1,22
1387,2020-02-07,2020,2,7
1388,2022-05-05,2022,5,5
1389,2021-05-25,2021,5,25
1390,2022-06-23,2022,6,23
1391,2021-09-20,2021,9,20
1392,2023-04-25,2023,4,25
1393,2019-11-24,2019,11,24
1394,2021-04-12,2021,4,12
1395,2020-11-17,2020,11,17
1396,2022-04-11,2022,4,11
1397,2022-12-23,2022,12,23
1398,2020-11-28,2020,11,28
1399,2021-04-07,2021,4,7
1400,2024-02-04,2024,2,4
1401,2022-03-25,2022,3,25
1402,2020-12-12,2020,12,12
1403,2019-07-29,2019,7,29
1404,2022-07-26,2022,7,26
1405,2019-10-11,2019,10,11
1406,2020-02-09,2020,2,9
1407,2020-10-12,2020,10,12
1408,2022-01-02,2022,1,2
1409,2022-04-07,2022,4,7
1410,2019-09-12,2019,9,12
1411,2022-12-06,2022,12,6
1412,2021-01-29,2021,1,29
1413,2021-09-07,2021,9,7
1414,2020-11-14,2020,11,14
1415,2023-02-22,2023,2,22
1416,2023-03-18,2023,3,18
1417,2023-01-11,2023,1,11
1418,2022-06-19,2022,6,19
1419,2019-10-24,2019,10,24
1420,2020-09-06,2020,9,6
1421,2022-07-12,2022,7,12
1422,2022-03-03,2022,3,3
1423,2021-08-22,2021,8,22
1424,2020-02-02,2020,2,2
1425,2022-02-04,2022,2,4
1426,2021-07-31,2021,7,31
1427,2021-01-15,2021,1,15
1428,2022-10-20,2022,10,20
1429,2022-01-27,2022,1,27
1430,2022-05-03,2022,5,3
1431,2021-09-27,2021,9,27
1432,2024-05-07,2024,5,7
1433,2023-04-02,2023,4,2
1434,2020-09-29,2020,9,29
1435,2023-04-18,2023,4,18
1436,2024-02-15,2024,2,15
1437,2021-12-25,2021,12,25
1438,2020-11-10,2020,11,10
1439,2020-12-26,2020,12,26
1440,2021-12-16,2021,12,16
1441,2021-04-03,2021,4,3
1442,2021-02-02,2021,2,2
1443,2019-07-15,2019,7,15
1444,2021-02-26,2021,2,26
1445,2023-10-18,2023,10,18
1446,2021-08-14,2021,8,14
1447,2021-05-24,2021,5,24
1448,2022-11-24,2022,11,24
1449,2020-06-08,2020,6,8
1450,2021-04-19,2021,4,19
1451,2023-05-26,2023,5,26
1452,2023-09-18,2023,9,18
1453,2019-10-29,2019,10,29
1454,2023-02-13,2023,2,13
1455,2023-12-04,2023,12,4
1456,2023-02-21,2023,2,21
1457,2020-05-21,2020,5,21
1458,2023-07-08,2023,7,8
1459,2020-03-06,2020,3,6
1460,2023-10-27,2023,10,27
1461,2020-09-11,2020,9,11
1462,2020-01-10,2020,1,10
1463,2022-07-14,2022,7,14
1464,2024-02-11,2024,2,11
1465,2023-01-04,2023,1,4
1466,2021-08-11,2021,8,11
1467,2020-05-02,2020,5,2
1468,2020-09-26,2020,9,26
1469,2019-06-22,2019,6,22
1470,2023-03-11,2023,3,11
1471,2023-03-13,2023,3,13
1472,2020-12-28,2020,12,28
1473,2021-11-04,2021,11,4
1474,2022-03-17,2022,3,17
1475,2022-04-26,2022,4,26
1476,2019-12-18,2019,12,18
1477,2022-05-02,2022,5,2
1478,2020-11-09,2020,11,9
1479,2023-11-24,2023,11,24
1480,2022-03-09,2022,3,9
1481,2021-02-16,2021,2,16
1482,2022-08-25,2022,8,25
1483,2021-08-18,2021,8,18
1484,2020-01-06,2020,1,6
1485,2022-02-24,2022,2,24
1486,2020-06-15,2020,6,15
1487,2019-08-22,2019,8,22
1488,2023-11-26,2023,11,26
1489,2019-12-11,2019,12,11
1490,2021-01-31,2021,1,31
1491,2019-09-14,2019,9,14
1492,2021-03-03,2021,3,3
1493,2021-06-07,2021,6,7
1494,2023-05-04,2023,5,4
1495,2022-06-27,2022,6,27
1496,2024-02-28,2024,2,28
1497,2020-02-01,2020,2,1
1498,2022-05-09,2022,5,9
1499,2021-06-01,2021,6,1
1500,2019-10-02,2019,10,2
1501,2020-04-23,2020,4,23
1502,2023-04-10,2023,4,10
1503,2023-11-02,2023,11,2
1504,2020-07-29,2020,7,29
1505,2020-12-10,2020,12,10
1506,2022-10-25,2022,10,25
1507,2020-04-24,2020,4,24
1508,2024-04-27,2024,4,27
1509,2021-12-31,2021,12,31
1510,2023-05-06,2023,5,6
1511,2020-02-05,2020,2,5
1512,2020-06-10,2020,6,10
1513,2021-06-24,2021,6,24
1514,2021-08-29,2021,8,29
1515,2022-12-17,2022,12,17
1516,2024-01-02,2024,1,2
1517,2024-04-28,2024,4,28
1518,2023-12-08,2023,12,8
1519,2023-05-13,2023,5,13
1520,2023-03-17,2023,3,17
1521,2023-12-03,2023,12,3
1522,2019-10-04,2019,10,4
1523,2022-09-30,2022,9,30
1524,2022-11-10,2022,11,10
1525,2020-07-26,2020,7,26
1526,2021-10-09,2021,10,9
1527,2020-02-22,2020,2,22
1528,2022-11-14,2022,11,14
1529,2022-08-02,2022,8,2
1530,2021-01-04,2021,1,4
1531,2022-01-14,2022,1,14
1532,2019-07-07,2019,7,7
1533,2021-04-13,2021,4,13
1534,2022-12-05,2022,12,5
1535,2023-09-28,2023,9,28
1536,2021-08-05,2021,8,5
1537,2023-12-02,2023,12,2
1538,2022-02-26,2022,2,26
1539,2023-12-10,2023,12,10
1540,2022-03-02,2022,3,2
1541,2023-05-11,2023,5,11
1542,2021-02-15,2021,2,15
1543,2020-09-14,2020,9,14
1544,2019-08-17,2019,8,17
1545,2021-09-18,2021,9,18
1546,2020-06-21,2020,6,21
1547,2022-08-04,2022,8,4
1548,2024-03-08,2024,3,8
1549,2019-12-03,2019,12,3
1550,2022-04-09,2022,4,9
1551,2024-03-26,2024,3,26
1552,2022-01-12,2022,1,12
1553,2023-09-15,2023,9,15
1554,2019-12-01,2019,12,1
1555,2021-02-19,2021,2,19
1556,2020-02-21,2020,2,21
1557,2021-09-24,2021,9,24
1558,2021-05-21,2021,5,21
1559,2023-06-21,2023,6,21
1560,2020-04-11,2020,4,11
1561,2022-06-28,2022,6,28
1562,2020-03-24,2020,3,24
1563,2020-12-31,2020,12,31
1564,2019-07-11,2019,7,11
1565,2023-07-03,2023,7,3
1566,2019-06-20,2019,6,20
1567,2022-09-11,2022,9,11
1568,2020-10-28,2020,10,28
1569,2022-02-20,2022,2,20
1570,2022-11-27,2022,11,27
1571,2020-02-26,2020,2,26
1572,2019-07-25,2019,7,25
1573,2023-07-26,2023,7,26
1574,2023-11-14,2023,11,14
1575,2024-04-23,2024,4,23
1576,2021-05-02,2021,5,2
1577,2020-12-24,2020,12,24
1578,2022-12-14,2022,12,14
1579,2021-11-23,2021,11,23
1580,2020-09-27,2020,9,27
1581,2020-04-29,2020,4,29
1582,2021-03-29,2021,3,29
1583,2020-12-13,2020,12,13
1584,2020-06-24,2020,6,24
1585,2020-01-29,2020,1,29
1586,2022-08-24,2022,8,24
1587,2020-01-08,2020,1,8
1588,2023-11-29,2023,11,29
1589,2021-02-18,2021,2,18
1590,2023-05-07,2023,5,7
1591,2021-04-25,2021,4,25
1592,2021-04-11,2021,4,11
1593,2019-07-03,2019,7,3
1594,2023-02-18,2023,2,18
1595,2023-11-03,2023,11,3
1596,2022-02-10,2022,2,10
1597,2021-03-30,2021,3,30
1598,2019-07-23,2019,7,23
1599,2020-07-18,2020,7,18
1600,2022-08-18,2022,8,18
1601,2020-11-24,2020,11,24
1602,2024-05-04,2024,5,4
1603,2023-03-12,2023,3,12
1604,2020-09-21,2020,9,21
1605,2020-07-28,2020,7,28
1606,2022-07-09,2022,7,9
1607,2020-11-01,2020,11,1
1608,2023-08-20,2023,8,20
1609,2020-05-28,2020,5,28
1610,2023-03-29,2023,3,29
1611,2022-02-23,2022,2,23
1612,2021-11-20,2021,11,20
1613,2023-10-09,2023,10,9
1614,2020-12-20,2020,12,20
1615,2021-05-18,2021,5,18
1616,2019-10-01,2019,10,1
1617,2019-05-27,2019,5,27
1618,2023-03-14,2023,3,14
1619,2019-12-24,2019,12,24
1620,2019-08-04,2019,8,4
1621,2021-06-06,2021,6,6
1622,2023-12-09,2023,12,9
1623,2019-12-07,2019,12,7
1624,2021-07-02,2021,7,2
1625,2019-11-07,2019,11,7
1626,2019-10-15,2019,10,15
1627,2023-12-14,2023,12,14
1628,2020-10-21,2020,10,21
1629,2020-05-01,2020,5,1
1630,2020-05-09,2020,5,9
1631,2023-10-25,2023,10,25
1632,2023-08-02,2023,8,2
1633,2022-02-06,2022,2,6
1634,2022-03-14,2022,3,14
1635,2021-03-18,2021,3,18
1636,2022-11-26,2022,11,26
1637,2021-06-22,2021,6,22
1638,2022-11-22,2022,11,22
1639,2022-06-07,2022,6,7
1640,2023-09-13,2023,9,13
1641,2022-11-18,2022,11,18
1642,2022-03-07,2022,3,7
1643,2023-04-01,2023,4,1
1644,2024-01-21,2024,1,21
1645,2019-12-25,2019,12,25
1646,2020-10-07,2020,10,7
1647,2024-03-30,2024,3,30
1648,2019-09-18,2019,9,18
1649,2021-05-12,2021,5,12
1650,2020-04-08,2020,4,8
1651,2023-04-24,2023,4,24
1652,2020-07-05,2020,7,5
1653,2022-10-07,2022,10,7
1654,2023-08-18,2023,8,18
1655,2020-07-09,2020,7,9
1656,2020-04-18,2020,4,18
1657,2022-12-12,2022,12,12
1658,2023-06-01,2023,6,1
1659,2023-08-23,2023,8,23
1660,2023-03-10,2023,3,10
1661,2023-01-16,2023,1,16
1662,2023-08-01,2023,8,1
1663,2022-01-04,2022,1,4
1664,2020-02-25,2020,2,25
1665,2020-11-13,2020,11,13
1666,2021-10-02,2021,10,2
1667,2023-08-03,2023,8,3
1668,2024-02-23,2024,2,23
1669,2019-11-25,2019,11,25
1670,2022-10-10,2022,10,10
1671,2024-04-11,2024,4,11
1672,2021-06-27,2021,6,27
1673,2020-02-04,2020,2,4
1674,2024-03-07,2024,3,7
1675,2019-11-26,2019,11,26
1676,2022-02-16,2022,2,16
1677,2020-11-21,2020,11,21
1678,2019-07-16,2019,7,16
1679,2020-01-31,2020,1,31
1680,2023-04-15,2023,4,15
1681,2021-02-20,2021,2,20
1682,2023-04-05,2023,4,5
1683,2023-08-16,2023,8,16
1684,2020-04-27,2020,4,27
1685,2021-11-25,2021,11,25
1686,2020-12-21,2020,12,21
1687,2022-12-21,2022,12,21
1688,2021-11-14,2021,11,14
1689,2022-11-09,2022,11,9
1690,2020-07-16,2020,7,16
1691,2020-02-12,2020,2,12
1692,2020-11-02,2020,11,2
1693,2021-09-29,2021,9,29
1694,2019-07-24,2019,7,24
1695,2020-03-12,2020,3,12
1696,2021-04-30,2021,4,30
1697,2022-03-18,2022,3,18
1698,2020-04-15,2020,4,15
1699,2022-04-20,2022,4,20
1700,2022-12-11,2022,12,11
1701,2022-04-01,2022,4,1
1702,2019-07-30,2019,7,30
1703,2023-05-19,2023,5,19
1704,2020-02-23,2020,2,23
1705,2024-04-13,2024,4,13
1706,2023-05-23,2023,5,23
1707,2024-02-03,2024,2,3
1708,2024-05-06,2024,5,6
1709,2021-07-12,2021,7,12
1710,2022-02-17,2022,2,17
1711,2023-04-19,2023,4,19
1712,2022-01-17,2022,1,17
1713,2021-11-28,2021,11,28
1714,2020-10-13,2020,10,13
1715,2020-10-19,2020,10,19
1716,2021-08-28,2021,8,28
1717,2020-01-01,2020,1,1
1718,2023-09-22,2023,9,22
1719,2023-04-22,2023,4,22
1720,2019-11-20,2019,11,20
1721,2023-11-04,2023,11,4
1722,2019-09-04,2019,9,4
1723,2021-07-29,2021,7,29
1724,2024-04-16,2024,4,16
1725,2020-08-17,2020,8,17
1726,2020-01-22,2020,1,22
1727,2022-07-03,2022,7,3
1728,2022-05-20,2022,5,20
1729,2019-08-07,2019,8,7
1730,2022-01-29,2022,1,29
1731,2021-04-24,2021,4,24
1732,2021-11-15,2021,11,15
1733,2021-03-06,2021,3,6
1734,2022-06-10,2022,6,10
1735,2019-12-14,2019,12,14
1736,2019-07-22,2019,7,22
1737,2023-09-10,2023,9,10
1738,2023-07-21,2023,7,21
1739,2019-12-13,2019,12,13
1740,2023-02-17,2023,2,17
1741,2021-01-28,2021,1,28
1742,2020-06-30,2020,6,30
1743,2019-09-10,2019,9,10
1744,2020-11-07,2020,11,7
1745,2020-01-25,2020,1,25
1746,2019-11-19,2019,11,19
1747,2020-05-07,2020,5,7
1748,2021-09-26,2021,9,26
1749,2020-08-22,2020,8,22
1750,2021-10-22,2021,10,22
1751,2019-06-28,2019,6,28
1752,2023-01-09,2023,1,9
1753,2022-09-23,2022,9,23
1754,2023-09-02,2023,9,2
1755,2021-04-20,2021,4,20
1756,2023-06-06,2023,6,6
1757,2020-11-27,2020,11,27
1758,2021-09-28,2021,9,28
1759,2024-02-19,2024,2,19
1760,2020-08-15,2020,8,15
1761,2023-04-13,2023,4,13
1762,2021-08-13,2021,8,13
1763,2021-03-02,2021,3,2
1764,2022-03-23,2022,3,23
1765,2021-07-19,2021,7,19
1766,2021-06-29,2021,6,29
1767,2023-11-25,2023,11,25
1768,2022-10-22,2022,10,22
1769,2021-06-20,2021,6,20
1770,2020-08-27,2020,8,27
1771,2023-04-08,2023,4,8
1772,2024-01-12,2024,1,12
1773,2023-09-17,2023,9,17
1774,2019-07-18,2019,7,18
1775,2022-01-01,2022,1,1
1776,2021-09-03,2021,9,3
1777,2024-04-14,2024,4,14
1778,2022-05-15,2022,5,15
1779,2022-05-23,2022,5,23
1780,2021-10-26,2021,10,26
1781,2021-12-04,2021,12,4
1782,2022-09-02,2022,9,2
1783,2021-09-01,2021,9,1
1784,2020-09-25,2020,9,25
1785,2023-03-05,2023,3,5
1786,2019-08-13,2019,8,13
1787,2021-09-09,2021,9,9
1788,2023-03-27,2023,3,27
1789,2021-10-17,2021,10,17
1790,2021-06-08,2021,6,8
1791,2022-09-09,2022,9,9
1792,2022-11-23,2022,11,23
1793,2020-12-14,2020,12,14
1794,2023-08-05,2023,8,5
1795,2023-10-19,2023,10,19
1796,2021-05-27,2021,5,27
1797,2024-04-02,2024,4,2
1798,2021-09-11,2021,9,11
1799,2020-11-26,2020,11,26
1800,2019-09-25,2019,9,25
1801,2024-01-25,2024,1,25
1802,2021-06-17,2021,6,17
1803,2021-12-27,2021,12,27
1804,2020-04-02,2020,4,2
1805,2020-03-26,2020,3,26
1806,2021-04-09,2021,4,9
1807,2024-04-04,2024,4,4
1808,2022-10-02,2022,10,2
1809,2019-05-25,2019,5,25
1810,2023-03-28,2023,3,28
1811,2022-02-21,2022,2,21
1812,2019-09-28,2019,9,28
1813,2023-04-29,2023,4,29
1814,2021-02-06,2021,2,6
1815,2020-02-16,2020,2,16
1816,2021-07-22,2021,7,22
1817,2020-10-29,2020,10,29
1818,2019-06-29,2019,6,29
1819,2019-10-07,2019,10,7
1820,2022-11-30,2022,11,30
1821,2023-12-22,2023,12,22
1822,2024-01-26,2024,1,26
1823,2023-02-27,2023,2,27
1824,2022-02-18,2022,2,18
1825,2019-05-31,2019,5,31
1826,2023-10-12,2023,10,12
1827,2021-03-14,2021,3,14
